gbifid,url
436951420,https://api.gbif.org/v1/image/unsafe/https%3A%2F%2Fmediaphoto.mnhn.fr%2Fmedia%2F1441452861889S5gKlsuFUkavm54s
436951425,https://api.gbif.org/v1/image/unsafe/https%3A%2F%2Fmediaphoto.mnhn.fr%2Fmedia%2F1441342381067cbz08kbSnfbnpw9V
436951625,https://api.gbif.org/v1/image/unsafe/https%3A%2F%2Fmediaphoto.mnhn.fr%2Fmedia%2F1442491436356k0TpxYyOQJf2UBSe
436952275,https://api.gbif.org/v1/image/unsafe/https%3A%2F%2Fmediaphoto.mnhn.fr%2Fmedia%2F1441369914309wLc0PDYZu4gmywd5
436952280,https://api.gbif.org/v1/image/unsafe/https%3A%2F%2Fmediaphoto.mnhn.fr%2Fmedia%2F1441369916156HDAUdAwjoEUkQCm0
436952290,https://api.gbif.org/v1/image/unsafe/https%3A%2F%2Fmediaphoto.mnhn.fr%2Fmedia%2F1441371081841vrMa5PJ3XykOUXhO
436952300,https://api.gbif.org/v1/image/unsafe/https%3A%2F%2Fmediaphoto.mnhn.fr%2Fmedia%2F1441370074366Ak0qncgf0VW7mZ6I
436952455,https://api.gbif.org/v1/image/unsafe/https%3A%2F%2Fmediaphoto.mnhn.fr%2Fmedia%2F14413429840502VHT30FFKKSjIu3o
436952460,https://api.gbif.org/v1/image/unsafe/https%3A%2F%2Fmediaphoto.mnhn.fr%2Fmedia%2F1441342984216LraBS6wMsSYiBuDv
436952485,https://api.gbif.org/v1/image/unsafe/https%3A%2F%2Fmediaphoto.mnhn.fr%2Fmedia%2F1441393097897ZaLnhcqQibZc82cS
436952755,https://api.gbif.org/v1/image/unsafe/https%3A%2F%2Fmediaphoto.mnhn.fr%2Fmedia%2F1441380779570eTp6vCFDhB5YNf5i
436952760,https://api.gbif.org/v1/image/unsafe/https%3A%2F%2Fmediaphoto.mnhn.fr%2Fmedia%2F1441370759480smkWeIgyG6laTFDG
436952785,https://api.gbif.org/v1/image/unsafe/https%3A%2F%2Fmediaphoto.mnhn.fr%2Fmedia%2F1441442115609S7XxzzIJvoOmX0RL
436952830,https://api.gbif.org/v1/image/unsafe/https%3A%2F%2Fmediaphoto.mnhn.fr%2Fmedia%2F14413430043724SYlMrbJNpzjS1EO
436952935,https://api.gbif.org/v1/image/unsafe/https%3A%2F%2Fmediaphoto.mnhn.fr%2Fmedia%2F1441342892898x4gB9I6DgtybLW1W
436952975,https://api.gbif.org/v1/image/unsafe/https%3A%2F%2Fmediaphoto.mnhn.fr%2Fmedia%2F1441342864489TPx080mmm4lMIWCk
436953005,https://api.gbif.org/v1/image/unsafe/https%3A%2F%2Fmediaphoto.mnhn.fr%2Fmedia%2F1453133401909xWU6okqE6ALYAQ5k
436953010,https://api.gbif.org/v1/image/unsafe/https%3A%2F%2Fmediaphoto.mnhn.fr%2Fmedia%2F1418908215142Q5GtTsu63ktbvrnT
436953015,https://api.gbif.org/v1/image/unsafe/https%3A%2F%2Fmediaphoto.mnhn.fr%2Fmedia%2F14189081900041IcYqcZH5COKVZkG
436953165,https://api.gbif.org/v1/image/unsafe/https%3A%2F%2Fmediaphoto.mnhn.fr%2Fmedia%2F1441303799931OpF0drrznh7OjWQK
436953200,https://api.gbif.org/v1/image/unsafe/https%3A%2F%2Fmediaphoto.mnhn.fr%2Fmedia%2F1442245596801CyCtaYUV5Bqh6tNH
436953215,https://api.gbif.org/v1/image/unsafe/https%3A%2F%2Fmediaphoto.mnhn.fr%2Fmedia%2F1442248795565Ypyl2cBo2GB3X8ek
436953465,https://api.gbif.org/v1/image/unsafe/https%3A%2F%2Fmediaphoto.mnhn.fr%2Fmedia%2F1441333147739pa7cRH52RhOtAM39
436953490,https://api.gbif.org/v1/image/unsafe/https%3A%2F%2Fmediaphoto.mnhn.fr%2Fmedia%2F1441370109313LDTh8MSX30tjMgFo
436953895,https://api.gbif.org/v1/image/unsafe/https%3A%2F%2Fmediaphoto.mnhn.fr%2Fmedia%2F1441360698159AER0uLnCwq3ENZLp
436954230,https://api.gbif.org/v1/image/unsafe/https%3A%2F%2Fmediaphoto.mnhn.fr%2Fmedia%2F1441387235685ilmGUBm6SJ5fljMR
436954355,https://api.gbif.org/v1/image/unsafe/https%3A%2F%2Fmediaphoto.mnhn.fr%2Fmedia%2F1441386641467q2fYVVV2yhEOHzXa
436954500,https://api.gbif.org/v1/image/unsafe/https%3A%2F%2Fmediaphoto.mnhn.fr%2Fmedia%2F144137062255871sI9GRHoi9J4v3G
436954540,https://api.gbif.org/v1/image/unsafe/https%3A%2F%2Fmediaphoto.mnhn.fr%2Fmedia%2F1441343533823L9rSuBUNAWYgb4Ed
436954710,https://api.gbif.org/v1/image/unsafe/https%3A%2F%2Fmediaphoto.mnhn.fr%2Fmedia%2F1441335664514hNOfboUM6nBStFwZ
436954755,https://api.gbif.org/v1/image/unsafe/https%3A%2F%2Fmediaphoto.mnhn.fr%2Fmedia%2F1441333347286h2vNY06L6WcknlBN
436954865,https://api.gbif.org/v1/image/unsafe/https%3A%2F%2Fmediaphoto.mnhn.fr%2Fmedia%2F1441341209922hRDNrMqCvIHlI5TW
436955260,https://api.gbif.org/v1/image/unsafe/https%3A%2F%2Fmediaphoto.mnhn.fr%2Fmedia%2F14413433882085Ok1gGlXJa6hEl3C
436955295,https://api.gbif.org/v1/image/unsafe/https%3A%2F%2Fmediaphoto.mnhn.fr%2Fmedia%2F1441390512507rHyHw9vx9vAUTj7H
436955300,https://api.gbif.org/v1/image/unsafe/https%3A%2F%2Fmediaphoto.mnhn.fr%2Fmedia%2F1441390511094nDM8Atczs336NwLf
436955340,https://api.gbif.org/v1/image/unsafe/https%3A%2F%2Fmediaphoto.mnhn.fr%2Fmedia%2F1441339807139tXzgcQZNgEAsgvaZ
436955565,https://api.gbif.org/v1/image/unsafe/https%3A%2F%2Fmediaphoto.mnhn.fr%2Fmedia%2F1441343401717hGU486IjaziSu2u3
436955630,https://api.gbif.org/v1/image/unsafe/https%3A%2F%2Fmediaphoto.mnhn.fr%2Fmedia%2F1441334120840BYNydlp9tFB3uHMG
436955725,https://api.gbif.org/v1/image/unsafe/https%3A%2F%2Fmediaphoto.mnhn.fr%2Fmedia%2F1441333312903JTJKwAdvn395SHx9
436955760,https://api.gbif.org/v1/image/unsafe/https%3A%2F%2Fmediaphoto.mnhn.fr%2Fmedia%2F14413905136700lqx8tqjE7rVsVm0
436955765,https://api.gbif.org/v1/image/unsafe/https%3A%2F%2Fmediaphoto.mnhn.fr%2Fmedia%2F1441390414367yEzSpHDVrM5amPMe
436955770,https://api.gbif.org/v1/image/unsafe/https%3A%2F%2Fmediaphoto.mnhn.fr%2Fmedia%2F14413904142333txZzd0qeRJU3fKo
436956360,https://api.gbif.org/v1/image/unsafe/https%3A%2F%2Fmediaphoto.mnhn.fr%2Fmedia%2F1441373427952O73rIhwFbMo84Egs
436956395,https://api.gbif.org/v1/image/unsafe/https%3A%2F%2Fmediaphoto.mnhn.fr%2Fmedia%2F1453217720647BOSPEE3zmTB3XWHv
436956400,https://api.gbif.org/v1/image/unsafe/https%3A%2F%2Fmediaphoto.mnhn.fr%2Fmedia%2F1441378757791rmIvSQ2CIq5Dd5zG
436956405,https://api.gbif.org/v1/image/unsafe/https%3A%2F%2Fmediaphoto.mnhn.fr%2Fmedia%2F1441378758033eZdiRiWAOczClcmX
436956410,https://api.gbif.org/v1/image/unsafe/https%3A%2F%2Fmediaphoto.mnhn.fr%2Fmedia%2F1453217634046be8WDcRQTiJFtRpY
436956420,https://api.gbif.org/v1/image/unsafe/https%3A%2F%2Fmediaphoto.mnhn.fr%2Fmedia%2F1441384518436HN77h2yhtVIQGRG5
436956425,https://api.gbif.org/v1/image/unsafe/https%3A%2F%2Fmediaphoto.mnhn.fr%2Fmedia%2F1441388021997iM4D1WZu5q0KXlLp
436956440,https://api.gbif.org/v1/image/unsafe/https%3A%2F%2Fmediaphoto.mnhn.fr%2Fmedia%2F1441381682047360cM6eq3Y0kpSFa
436956445,https://api.gbif.org/v1/image/unsafe/https%3A%2F%2Fmediaphoto.mnhn.fr%2Fmedia%2F1441375384198qqLfB2KUPj4SpXfB
436957200,https://api.gbif.org/v1/image/unsafe/https%3A%2F%2Fmediaphoto.mnhn.fr%2Fmedia%2F1441334058653IH1XADib4SZG5KVk
436957270,https://api.gbif.org/v1/image/unsafe/https%3A%2F%2Fmediaphoto.mnhn.fr%2Fmedia%2F144138999352699akkIQgHPXaRR6e
436957765,https://api.gbif.org/v1/image/unsafe/https%3A%2F%2Fmediaphoto.mnhn.fr%2Fmedia%2F1441364078737EQKLZNKNFNlxBxDx
436957890,https://api.gbif.org/v1/image/unsafe/https%3A%2F%2Fmediaphoto.mnhn.fr%2Fmedia%2F1441369461507SaNmsuB1qk8c2xbA
436958045,https://api.gbif.org/v1/image/unsafe/https%3A%2F%2Fmediaphoto.mnhn.fr%2Fmedia%2F1445764429517m426U4siMh0spiua
436958600,https://api.gbif.org/v1/image/unsafe/https%3A%2F%2Fmediaphoto.mnhn.fr%2Fmedia%2F1441365601131ZVv4eHM6hDLffQZH
436958630,https://api.gbif.org/v1/image/unsafe/https%3A%2F%2Fmediaphoto.mnhn.fr%2Fmedia%2F1441364080194OxMjA5zWtpUSe71o
436958660,https://api.gbif.org/v1/image/unsafe/https%3A%2F%2Fmediaphoto.mnhn.fr%2Fmedia%2F1441340173633UiRUkZkTgrmx4cF4
436958810,https://api.gbif.org/v1/image/unsafe/https%3A%2F%2Fmediaphoto.mnhn.fr%2Fmedia%2F1442320623681edMazOhUB7Rtmtl8
436958950,https://api.gbif.org/v1/image/unsafe/https%3A%2F%2Fmediaphoto.mnhn.fr%2Fmedia%2F1441370128013YemB6zyok55KMRbw
436959720,https://api.gbif.org/v1/image/unsafe/https%3A%2F%2Fmediaphoto.mnhn.fr%2Fmedia%2F1441304777216ncyNwtdxVUmr4Q3h
436959740,https://api.gbif.org/v1/image/unsafe/https%3A%2F%2Fmediaphoto.mnhn.fr%2Fmedia%2F1441364058003h45zV0W0wsa4tKCW
436959980,https://api.gbif.org/v1/image/unsafe/https%3A%2F%2Fmediaphoto.mnhn.fr%2Fmedia%2F14413899415655gBOZ4JsLkFOlpzY
436960005,https://api.gbif.org/v1/image/unsafe/https%3A%2F%2Fmediaphoto.mnhn.fr%2Fmedia%2F1418908150149A5AEb3LjFJp9CJdY
436960145,https://api.gbif.org/v1/image/unsafe/https%3A%2F%2Fmediaphoto.mnhn.fr%2Fmedia%2F1441389348316Vgk5PcqZwu4fwX9E
436960180,https://api.gbif.org/v1/image/unsafe/https%3A%2F%2Fmediaphoto.mnhn.fr%2Fmedia%2F1441389751574IqmNQM4HIpnq5bkX
436960200,https://api.gbif.org/v1/image/unsafe/https%3A%2F%2Fmediaphoto.mnhn.fr%2Fmedia%2F1441341715163GUXDqvp5KWTT86qO
436960685,https://api.gbif.org/v1/image/unsafe/https%3A%2F%2Fmediaphoto.mnhn.fr%2Fmedia%2F1441452879375sdMD3MWR9NDLyaHL
436961200,https://api.gbif.org/v1/image/unsafe/https%3A%2F%2Fmediaphoto.mnhn.fr%2Fmedia%2F1441398950952Ctiw70mWnDh767lp
436961225,https://api.gbif.org/v1/image/unsafe/https%3A%2F%2Fmediaphoto.mnhn.fr%2Fmedia%2F1441401692179yZmF1ZHTm7agXm69
436961245,https://api.gbif.org/v1/image/unsafe/https%3A%2F%2Fmediaphoto.mnhn.fr%2Fmedia%2F1441424475522XLSDcYWVGDLbnt7n
436961255,https://api.gbif.org/v1/image/unsafe/https%3A%2F%2Fmediaphoto.mnhn.fr%2Fmedia%2F1441424383855v8KXtUasAdDNKYju
436961260,https://api.gbif.org/v1/image/unsafe/https%3A%2F%2Fmediaphoto.mnhn.fr%2Fmedia%2F1441424382134EVCSvix1llAvNGAX
436961275,https://api.gbif.org/v1/image/unsafe/https%3A%2F%2Fmediaphoto.mnhn.fr%2Fmedia%2F1441425042167XEY6d2NOB8AznF6n
436961300,https://api.gbif.org/v1/image/unsafe/https%3A%2F%2Fmediaphoto.mnhn.fr%2Fmedia%2F14414243560571dR8Vr1xOQ8K2eAy
436961420,https://api.gbif.org/v1/image/unsafe/https%3A%2F%2Fmediaphoto.mnhn.fr%2Fmedia%2F1441328905546mXUE59eCDP8f0tpc
436961495,https://api.gbif.org/v1/image/unsafe/https%3A%2F%2Fmediaphoto.mnhn.fr%2Fmedia%2F1441423550645K87mfEPrDx5B0YtB
436961800,https://api.gbif.org/v1/image/unsafe/https%3A%2F%2Fmediaphoto.mnhn.fr%2Fmedia%2F1442314300321sPcRV81I1W4cXJuj
436962120,https://api.gbif.org/v1/image/unsafe/https%3A%2F%2Fmediaphoto.mnhn.fr%2Fmedia%2F144145343729338QJhieT15MYLc0P
436962135,https://api.gbif.org/v1/image/unsafe/https%3A%2F%2Fmediaphoto.mnhn.fr%2Fmedia%2F1441306021958sXfJZiNdqgKWThi1
436962140,https://api.gbif.org/v1/image/unsafe/https%3A%2F%2Fmediaphoto.mnhn.fr%2Fmedia%2F1441306213931LkzcllMLKG00g4FO
436962220,https://api.gbif.org/v1/image/unsafe/https%3A%2F%2Fmediaphoto.mnhn.fr%2Fmedia%2F1441306892388XSbwOhdXjZ3o80On
436963055,https://api.gbif.org/v1/image/unsafe/https%3A%2F%2Fmediaphoto.mnhn.fr%2Fmedia%2F1441429694335ZxmQxzgBz5pnobWT
436963070,https://api.gbif.org/v1/image/unsafe/https%3A%2F%2Fmediaphoto.mnhn.fr%2Fmedia%2F1441424267767JEZMJ9Qkvf2tuChQ
436963140,https://api.gbif.org/v1/image/unsafe/https%3A%2F%2Fmediaphoto.mnhn.fr%2Fmedia%2F1441364829663YRyyQrpD0KGmSn7t
436963150,https://api.gbif.org/v1/image/unsafe/https%3A%2F%2Fmediaphoto.mnhn.fr%2Fmedia%2F14413642276528fIHZifYFjCwaWzs
436963180,https://api.gbif.org/v1/image/unsafe/https%3A%2F%2Fmediaphoto.mnhn.fr%2Fmedia%2F1441420692125MsX5kZ4R0MRDNPKt
436963200,https://api.gbif.org/v1/image/unsafe/https%3A%2F%2Fmediaphoto.mnhn.fr%2Fmedia%2F1441420831891TGIeGk3ABnlheaWC
436963220,https://api.gbif.org/v1/image/unsafe/https%3A%2F%2Fmediaphoto.mnhn.fr%2Fmedia%2F1441418103524oXGlx8hK2AfDyTSD
436963230,https://api.gbif.org/v1/image/unsafe/https%3A%2F%2Fmediaphoto.mnhn.fr%2Fmedia%2F1441449578334USeVvlkrLhaTP00N
436963235,https://api.gbif.org/v1/image/unsafe/https%3A%2F%2Fmediaphoto.mnhn.fr%2Fmedia%2F1441450664867T81MmkrPLWVnlfOI
436963240,https://api.gbif.org/v1/image/unsafe/https%3A%2F%2Fmediaphoto.mnhn.fr%2Fmedia%2F1441398540529LDp5czE0GdTTdkcj
436963255,https://api.gbif.org/v1/image/unsafe/https%3A%2F%2Fmediaphoto.mnhn.fr%2Fmedia%2F1441398807799cijUoqPlh9LqsWyl
436963260,https://api.gbif.org/v1/image/unsafe/https%3A%2F%2Fmediaphoto.mnhn.fr%2Fmedia%2F1441398538313TIbdiUfmYeaGSXb9
436963495,https://api.gbif.org/v1/image/unsafe/https%3A%2F%2Fmediaphoto.mnhn.fr%2Fmedia%2F1442503806527jOPjQVOf0bVLrZZy
436963605,https://api.gbif.org/v1/image/unsafe/https%3A%2F%2Fmediaphoto.mnhn.fr%2Fmedia%2F1441389406928JDy2rmeJvmGetkIB
436963625,https://api.gbif.org/v1/image/unsafe/https%3A%2F%2Fmediaphoto.mnhn.fr%2Fmedia%2F1441390991212nEDkDFu59qQw1Jyg
436963860,https://api.gbif.org/v1/image/unsafe/https%3A%2F%2Fmediaphoto.mnhn.fr%2Fmedia%2F1441362874586AsrA2AyQKFzWRR6L
436964130,https://api.gbif.org/v1/image/unsafe/https%3A%2F%2Fmediaphoto.mnhn.fr%2Fmedia%2F14429592747260MWjS9BdOSCjCf8X
436964235,https://api.gbif.org/v1/image/unsafe/https%3A%2F%2Fmediaphoto.mnhn.fr%2Fmedia%2F1441433972386XWUpPbIGoeLtNCJ3
436964250,https://api.gbif.org/v1/image/unsafe/https%3A%2F%2Fmediaphoto.mnhn.fr%2Fmedia%2F1441380318348qxJ5tpdCRYoXY2Zz
436964275,https://api.gbif.org/v1/image/unsafe/https%3A%2F%2Fmediaphoto.mnhn.fr%2Fmedia%2F1441343332742qZaGLQcaU4JfzTLJ
436964370,https://api.gbif.org/v1/image/unsafe/https%3A%2F%2Fmediaphoto.mnhn.fr%2Fmedia%2F1441434328423ofvDqqbzxwU4MFtY
436964600,https://api.gbif.org/v1/image/unsafe/https%3A%2F%2Fmediaphoto.mnhn.fr%2Fmedia%2F1441375160409oiTUQrAq22Xf6uco
436964755,https://api.gbif.org/v1/image/unsafe/https%3A%2F%2Fmediaphoto.mnhn.fr%2Fmedia%2F1441447380553vcatuRtln5GE8fQI
436964760,https://api.gbif.org/v1/image/unsafe/https%3A%2F%2Fmediaphoto.mnhn.fr%2Fmedia%2F14427213220332Bl5rs4DG9UImYHM
436964800,https://api.gbif.org/v1/image/unsafe/https%3A%2F%2Fmediaphoto.mnhn.fr%2Fmedia%2F1441441363657rqkhwUkdibSQ15PA
436964835,https://api.gbif.org/v1/image/unsafe/https%3A%2F%2Fmediaphoto.mnhn.fr%2Fmedia%2F1441431879808FL7KoK2ZiziUK5Bk
436964990,https://api.gbif.org/v1/image/unsafe/https%3A%2F%2Fmediaphoto.mnhn.fr%2Fmedia%2F1442958837559RLVhvXzGjFNkJQoU
436965135,https://api.gbif.org/v1/image/unsafe/https%3A%2F%2Fmediaphoto.mnhn.fr%2Fmedia%2F1441306428201daGjX6DTntnyS1dp
436965145,https://api.gbif.org/v1/image/unsafe/https%3A%2F%2Fmediaphoto.mnhn.fr%2Fmedia%2F1441390539376x2q6VLdGninfluT6
436965150,https://api.gbif.org/v1/image/unsafe/https%3A%2F%2Fmediaphoto.mnhn.fr%2Fmedia%2F1441390501953XiqMGleDet8c7RO7
436965170,https://api.gbif.org/v1/image/unsafe/https%3A%2F%2Fmediaphoto.mnhn.fr%2Fmedia%2F1441306401953QBA9LMzO7Vvx2rVk
436965180,https://api.gbif.org/v1/image/unsafe/https%3A%2F%2Fmediaphoto.mnhn.fr%2Fmedia%2F1441305058464wQo4qyP4o0gbnJ8r
436965200,https://api.gbif.org/v1/image/unsafe/https%3A%2F%2Fmediaphoto.mnhn.fr%2Fmedia%2F1441306960272EZPSJvT7ojxc7pIv
436965250,https://api.gbif.org/v1/image/unsafe/https%3A%2F%2Fmediaphoto.mnhn.fr%2Fmedia%2F14423350794846YxSarlUkIij54uD
436965265,https://api.gbif.org/v1/image/unsafe/https%3A%2F%2Fmediaphoto.mnhn.fr%2Fmedia%2F1441371174639cUXHOaphEDjBMg8s
436965280,https://api.gbif.org/v1/image/unsafe/https%3A%2F%2Fmediaphoto.mnhn.fr%2Fmedia%2F1441370611112zkcW7lNEEeqznobm
436965295,https://api.gbif.org/v1/image/unsafe/https%3A%2F%2Fmediaphoto.mnhn.fr%2Fmedia%2F1441370025910XEhhYGuzDPPRKo8q
436965300,https://api.gbif.org/v1/image/unsafe/https%3A%2F%2Fmediaphoto.mnhn.fr%2Fmedia%2F1441370563248316uKvgMhIugvl0k
436965420,https://api.gbif.org/v1/image/unsafe/https%3A%2F%2Fmediaphoto.mnhn.fr%2Fmedia%2F1441349823959P1yDnhOODddjV7ss
436968695,https://api.gbif.org/v1/image/unsafe/https%3A%2F%2Fmediaphoto.mnhn.fr%2Fmedia%2F1441370029505DSmHzwOii34vGMot
436968715,https://api.gbif.org/v1/image/unsafe/https%3A%2F%2Fmediaphoto.mnhn.fr%2Fmedia%2F1442481859688caKJcP1rJCxl4Hl7
436968775,https://api.gbif.org/v1/image/unsafe/https%3A%2F%2Fmediaphoto.mnhn.fr%2Fmedia%2F1441330434760z6uvyJOSKHtVTGjt
436968885,https://api.gbif.org/v1/image/unsafe/https%3A%2F%2Fmediaphoto.mnhn.fr%2Fmedia%2F1441399277435u4jdskqzHW9Wa3w3
436969000,https://api.gbif.org/v1/image/unsafe/https%3A%2F%2Fmediaphoto.mnhn.fr%2Fmedia%2F1442488262742begMmBARRTYTX7N0
436969005,https://api.gbif.org/v1/image/unsafe/https%3A%2F%2Fmediaphoto.mnhn.fr%2Fmedia%2F1441333238672uRSjccP8fRVKGiF0
436969020,https://api.gbif.org/v1/image/unsafe/https%3A%2F%2Fmediaphoto.mnhn.fr%2Fmedia%2F1442488286729AlrMR4b5xnZqbAK2
436969150,https://api.gbif.org/v1/image/unsafe/https%3A%2F%2Fmediaphoto.mnhn.fr%2Fmedia%2F1441330335359eyoRi0nPIOWHKsI5
436969225,https://api.gbif.org/v1/image/unsafe/https%3A%2F%2Fmediaphoto.mnhn.fr%2Fmedia%2F1442342240261L6Lk6etCHe3TRwsh
436951406,https://api.gbif.org/v1/image/unsafe/https%3A%2F%2Fmediaphoto.mnhn.fr%2Fmedia%2F1444493584962qYOyYqFgtLWaiYYk
436951456,https://api.gbif.org/v1/image/unsafe/https%3A%2F%2Fmediaphoto.mnhn.fr%2Fmedia%2F1441343283946TEMSouBQ5wfK6qJ7
436952151,https://api.gbif.org/v1/image/unsafe/https%3A%2F%2Fmediaphoto.mnhn.fr%2Fmedia%2F1441343341698f6UhH7qonvOh7AHu
436952171,https://api.gbif.org/v1/image/unsafe/https%3A%2F%2Fmediaphoto.mnhn.fr%2Fmedia%2F1441390267201KLNX7R2oeI0YCwye
436952211,https://api.gbif.org/v1/image/unsafe/https%3A%2F%2Fmediaphoto.mnhn.fr%2Fmedia%2F1441343304037pUyyN0u8mTpjzrXV
436952481,https://api.gbif.org/v1/image/unsafe/https%3A%2F%2Fmediaphoto.mnhn.fr%2Fmedia%2F1441306797303F3Mi9CCLGprRgr4u
436952516,https://api.gbif.org/v1/image/unsafe/https%3A%2F%2Fmediaphoto.mnhn.fr%2Fmedia%2F14413965446327W1wbbH3Le6X45FS
436952581,https://api.gbif.org/v1/image/unsafe/https%3A%2F%2Fmediaphoto.mnhn.fr%2Fmedia%2F1441343126955TabqRu83kTOkVQa3
436952781,https://api.gbif.org/v1/image/unsafe/https%3A%2F%2Fmediaphoto.mnhn.fr%2Fmedia%2F1441366295768Qgh56SK4M42W2YLv
436952846,https://api.gbif.org/v1/image/unsafe/https%3A%2F%2Fmediaphoto.mnhn.fr%2Fmedia%2F144134299471812PFEtNWBpJ94Uns
436952881,https://api.gbif.org/v1/image/unsafe/https%3A%2F%2Fmediaphoto.mnhn.fr%2Fmedia%2F1441333261575TP2BxObNkHwD8HTD
436953001,https://api.gbif.org/v1/image/unsafe/https%3A%2F%2Fmediaphoto.mnhn.fr%2Fmedia%2F1441303629435dnzaOp4S334HxONH
436953071,https://api.gbif.org/v1/image/unsafe/https%3A%2F%2Fmediaphoto.mnhn.fr%2Fmedia%2F1441342901738NJq7yQWs8O5aRZ3H
436953201,https://api.gbif.org/v1/image/unsafe/https%3A%2F%2Fmediaphoto.mnhn.fr%2Fmedia%2F1442245591531sybLNATqcyWzbPrt
436953431,https://api.gbif.org/v1/image/unsafe/https%3A%2F%2Fmediaphoto.mnhn.fr%2Fmedia%2F14743849231682c1VfH6VJVYbzsfs
436953456,https://api.gbif.org/v1/image/unsafe/https%3A%2F%2Fmediaphoto.mnhn.fr%2Fmedia%2F14414517010327VByzsju3zgy07gf
436953476,https://api.gbif.org/v1/image/unsafe/https%3A%2F%2Fmediaphoto.mnhn.fr%2Fmedia%2F1441343229686lknnTyJT8TKa3YjM
436953486,https://api.gbif.org/v1/image/unsafe/https%3A%2F%2Fmediaphoto.mnhn.fr%2Fmedia%2F14413701283638AovQqDKUNI2qeOw
436953531,https://api.gbif.org/v1/image/unsafe/https%3A%2F%2Fmediaphoto.mnhn.fr%2Fmedia%2F1441342063281gamul4E3ixlQVzqN
436954091,https://api.gbif.org/v1/image/unsafe/https%3A%2F%2Fmediaphoto.mnhn.fr%2Fmedia%2F1441432467661UTbkqoM7tttqVFaa
436954401,https://api.gbif.org/v1/image/unsafe/https%3A%2F%2Fmediaphoto.mnhn.fr%2Fmedia%2F1441358664623r7E14J9eO0IbYSZ8
436954416,https://api.gbif.org/v1/image/unsafe/https%3A%2F%2Fmediaphoto.mnhn.fr%2Fmedia%2F1441367688505MvnjfMS330iKEnHc
436954446,https://api.gbif.org/v1/image/unsafe/https%3A%2F%2Fmediaphoto.mnhn.fr%2Fmedia%2F1441360773806RtWi8sOWdkXLNI6l
436954486,https://api.gbif.org/v1/image/unsafe/https%3A%2F%2Fmediaphoto.mnhn.fr%2Fmedia%2F1441370644734TYOgEgeBbM0PmEav
436954561,https://api.gbif.org/v1/image/unsafe/https%3A%2F%2Fmediaphoto.mnhn.fr%2Fmedia%2F1441333862163aeI1klTx4NZDNftn
436954956,https://api.gbif.org/v1/image/unsafe/https%3A%2F%2Fmediaphoto.mnhn.fr%2Fmedia%2F1446815017733YBe6GvEe3V6ZC5lT
436955171,https://api.gbif.org/v1/image/unsafe/https%3A%2F%2Fmediaphoto.mnhn.fr%2Fmedia%2F14413333750492F0BDsFCgPfEFGC6
436955541,https://api.gbif.org/v1/image/unsafe/https%3A%2F%2Fmediaphoto.mnhn.fr%2Fmedia%2F1441333821789zUhLFStOt94azmMK
436955586,https://api.gbif.org/v1/image/unsafe/https%3A%2F%2Fmediaphoto.mnhn.fr%2Fmedia%2F1446815118758PoykBuTxj8Nmzqc4
436955606,https://api.gbif.org/v1/image/unsafe/https%3A%2F%2Fmediaphoto.mnhn.fr%2Fmedia%2F1441333194603xifEzpuyFSYsVWOc
436955736,https://api.gbif.org/v1/image/unsafe/https%3A%2F%2Fmediaphoto.mnhn.fr%2Fmedia%2F1442320852653FIIIcCKCUaU9uAu7
436955761,https://api.gbif.org/v1/image/unsafe/https%3A%2F%2Fmediaphoto.mnhn.fr%2Fmedia%2F14413905136522vRoxPaLtM5tpSlV
436955766,https://api.gbif.org/v1/image/unsafe/https%3A%2F%2Fmediaphoto.mnhn.fr%2Fmedia%2F144139008105715QNt6cAcpEXXc3E
436955771,https://api.gbif.org/v1/image/unsafe/https%3A%2F%2Fmediaphoto.mnhn.fr%2Fmedia%2F1441390414279P0ig7n5MtRz0L49a
436955781,https://api.gbif.org/v1/image/unsafe/https%3A%2F%2Fmediaphoto.mnhn.fr%2Fmedia%2F1441390080690uyRkPFbBXemsezmd
436955796,https://api.gbif.org/v1/image/unsafe/https%3A%2F%2Fmediaphoto.mnhn.fr%2Fmedia%2F1441389598625aRG4F4QNREqFj3jw
436956241,https://api.gbif.org/v1/image/unsafe/https%3A%2F%2Fmediaphoto.mnhn.fr%2Fmedia%2F1441450728143FRXnZ4msPKwLvq0E
436956361,https://api.gbif.org/v1/image/unsafe/https%3A%2F%2Fmediaphoto.mnhn.fr%2Fmedia%2F1441371320839RRoVjSg3vUuKut3V
436956366,https://api.gbif.org/v1/image/unsafe/https%3A%2F%2Fmediaphoto.mnhn.fr%2Fmedia%2F14413416402430RsxRLGJpnLxQXSW
436956401,https://api.gbif.org/v1/image/unsafe/https%3A%2F%2Fmediaphoto.mnhn.fr%2Fmedia%2F1441378458865mpbhzyKWPNiIguP7
436956406,https://api.gbif.org/v1/image/unsafe/https%3A%2F%2Fmediaphoto.mnhn.fr%2Fmedia%2F1441383442624aG6k2H9ETYpoU79K
436956411,https://api.gbif.org/v1/image/unsafe/https%3A%2F%2Fmediaphoto.mnhn.fr%2Fmedia%2F1441339962766yR6vTnKuCJPXKVnd
436956416,https://api.gbif.org/v1/image/unsafe/https%3A%2F%2Fmediaphoto.mnhn.fr%2Fmedia%2F1441382201811mN0JN9jDN1nVHMUq
436956421,https://api.gbif.org/v1/image/unsafe/https%3A%2F%2Fmediaphoto.mnhn.fr%2Fmedia%2F144138293930194q6EKpGyvGCELfC
436956496,https://api.gbif.org/v1/image/unsafe/https%3A%2F%2Fmediaphoto.mnhn.fr%2Fmedia%2F1441391722882SkImh2FMhTCtU30R
436956506,https://api.gbif.org/v1/image/unsafe/https%3A%2F%2Fmediaphoto.mnhn.fr%2Fmedia%2F1441387190411SOJCQrLZgPM6Qhnr
436956876,https://api.gbif.org/v1/image/unsafe/https%3A%2F%2Fmediaphoto.mnhn.fr%2Fmedia%2F1441342405514AVTPVFssQKxoU9Qe
436957286,https://api.gbif.org/v1/image/unsafe/https%3A%2F%2Fmediaphoto.mnhn.fr%2Fmedia%2F1441389915157FUxmQvTicHzLSO35
436957551,https://api.gbif.org/v1/image/unsafe/https%3A%2F%2Fmediaphoto.mnhn.fr%2Fmedia%2F14413677218261nzXMLNmJiS88usg
436958051,https://api.gbif.org/v1/image/unsafe/https%3A%2F%2Fmediaphoto.mnhn.fr%2Fmedia%2F14423149381451bzGgr7Hgor8gnTX
436958436,https://api.gbif.org/v1/image/unsafe/https%3A%2F%2Fmediaphoto.mnhn.fr%2Fmedia%2F1441453233655o277OHyWKHRqVqud
436958511,https://api.gbif.org/v1/image/unsafe/https%3A%2F%2Fmediaphoto.mnhn.fr%2Fmedia%2F1442315453331L5AvgAOGjWRR3yuG
436958601,https://api.gbif.org/v1/image/unsafe/https%3A%2F%2Fmediaphoto.mnhn.fr%2Fmedia%2F14413640793606mGnl6xUUwymYy4d
436958611,https://api.gbif.org/v1/image/unsafe/https%3A%2F%2Fmediaphoto.mnhn.fr%2Fmedia%2F144136633407823IYukvFyJs9X7Vv
436958636,https://api.gbif.org/v1/image/unsafe/https%3A%2F%2Fmediaphoto.mnhn.fr%2Fmedia%2F14413640583518wi3BAoDcBlPiBM0
436958736,https://api.gbif.org/v1/image/unsafe/https%3A%2F%2Fmediaphoto.mnhn.fr%2Fmedia%2F1441395115073VCcB8iesdaAWHHRQ
436958956,https://api.gbif.org/v1/image/unsafe/https%3A%2F%2Fmediaphoto.mnhn.fr%2Fmedia%2F1441340222160iQ9YjaZZKTqd7RCL
436959346,https://api.gbif.org/v1/image/unsafe/https%3A%2F%2Fmediaphoto.mnhn.fr%2Fmedia%2F1441364059636OxMNTgQv1ocA91mV
436959756,https://api.gbif.org/v1/image/unsafe/https%3A%2F%2Fmediaphoto.mnhn.fr%2Fmedia%2F1441306721752utGiGw0SuVXfVkXS
436959966,https://api.gbif.org/v1/image/unsafe/https%3A%2F%2Fmediaphoto.mnhn.fr%2Fmedia%2F1441390015589yurhSduDGgtdaaWN
436960006,https://api.gbif.org/v1/image/unsafe/https%3A%2F%2Fmediaphoto.mnhn.fr%2Fmedia%2F14189082548509nhNoVXgAUnazAxm
436960036,https://api.gbif.org/v1/image/unsafe/https%3A%2F%2Fmediaphoto.mnhn.fr%2Fmedia%2F1441373825096kzdsHSUM9cECmFk6
436960116,https://api.gbif.org/v1/image/unsafe/https%3A%2F%2Fmediaphoto.mnhn.fr%2Fmedia%2F1441384877727dJraf5ZT8BS5sS1n
436960146,https://api.gbif.org/v1/image/unsafe/https%3A%2F%2Fmediaphoto.mnhn.fr%2Fmedia%2F144138934852174MdrYTBoa7TSqkS
436960641,https://api.gbif.org/v1/image/unsafe/https%3A%2F%2Fmediaphoto.mnhn.fr%2Fmedia%2F1442304265536StMKuTIXs9B9EV2e
436960951,https://api.gbif.org/v1/image/unsafe/https%3A%2F%2Fmediaphoto.mnhn.fr%2Fmedia%2F1442331548204RCgFp8ims8mUnlKw
436961186,https://api.gbif.org/v1/image/unsafe/https%3A%2F%2Fmediaphoto.mnhn.fr%2Fmedia%2F1442344778009gJ6UekNBJeE9UVbi
436961246,https://api.gbif.org/v1/image/unsafe/https%3A%2F%2Fmediaphoto.mnhn.fr%2Fmedia%2F1441424475453oPBykWqzovX7dbbE
436961256,https://api.gbif.org/v1/image/unsafe/https%3A%2F%2Fmediaphoto.mnhn.fr%2Fmedia%2F1441424383504SdK8PFf6K5QbHZBj
436961261,https://api.gbif.org/v1/image/unsafe/https%3A%2F%2Fmediaphoto.mnhn.fr%2Fmedia%2F1441424382050jtbiR8YRdJ155EXl
436961481,https://api.gbif.org/v1/image/unsafe/https%3A%2F%2Fmediaphoto.mnhn.fr%2Fmedia%2F1441390179192XRKvA2yZ0YKudQcl
436961496,https://api.gbif.org/v1/image/unsafe/https%3A%2F%2Fmediaphoto.mnhn.fr%2Fmedia%2F1441423550901zrizR0wqA155bZ1h
436962071,https://api.gbif.org/v1/image/unsafe/https%3A%2F%2Fmediaphoto.mnhn.fr%2Fmedia%2F1441341794381Ivm0DqkPrh06torl
436962116,https://api.gbif.org/v1/image/unsafe/https%3A%2F%2Fmediaphoto.mnhn.fr%2Fmedia%2F14414463820233CGawCnsIMg3WXJi
436962171,https://api.gbif.org/v1/image/unsafe/https%3A%2F%2Fmediaphoto.mnhn.fr%2Fmedia%2F1441306512128iC90TVMrvJ614Qx8
436962246,https://api.gbif.org/v1/image/unsafe/https%3A%2F%2Fmediaphoto.mnhn.fr%2Fmedia%2F1441348864667wFWMXYD9RxF7gKjM
436962391,https://api.gbif.org/v1/image/unsafe/https%3A%2F%2Fmediaphoto.mnhn.fr%2Fmedia%2F1441341581637dVbkeGYl97xkLn43
436962851,https://api.gbif.org/v1/image/unsafe/https%3A%2F%2Fmediaphoto.mnhn.fr%2Fmedia%2F1442314330253ApVwhDVoEpvQxILW
436963071,https://api.gbif.org/v1/image/unsafe/https%3A%2F%2Fmediaphoto.mnhn.fr%2Fmedia%2F1441424267399jBu2anQS7QguODjl
436963111,https://api.gbif.org/v1/image/unsafe/https%3A%2F%2Fmediaphoto.mnhn.fr%2Fmedia%2F1441365121685Txe5m9zVEX0EEWwJ
436963156,https://api.gbif.org/v1/image/unsafe/https%3A%2F%2Fmediaphoto.mnhn.fr%2Fmedia%2F1441424270278mjoMMp2vhI0IkauX
436963161,https://api.gbif.org/v1/image/unsafe/https%3A%2F%2Fmediaphoto.mnhn.fr%2Fmedia%2F1441424269743ZvxkgCrZdkt0lTPq
436963171,https://api.gbif.org/v1/image/unsafe/https%3A%2F%2Fmediaphoto.mnhn.fr%2Fmedia%2F1441420693368IVfT0rEDp5ckeS9j
436963176,https://api.gbif.org/v1/image/unsafe/https%3A%2F%2Fmediaphoto.mnhn.fr%2Fmedia%2F1441421511463iukO0pOu9c2iuYKW
436963186,https://api.gbif.org/v1/image/unsafe/https%3A%2F%2Fmediaphoto.mnhn.fr%2Fmedia%2F1441395908354fqMviMrVA4rmtI4V
436963206,https://api.gbif.org/v1/image/unsafe/https%3A%2F%2Fmediaphoto.mnhn.fr%2Fmedia%2F1441420826998akeBeuxpOt04vAq0
436963211,https://api.gbif.org/v1/image/unsafe/https%3A%2F%2Fmediaphoto.mnhn.fr%2Fmedia%2F1443062699118WQDUSbpIV05cgcj7
436963251,https://api.gbif.org/v1/image/unsafe/https%3A%2F%2Fmediaphoto.mnhn.fr%2Fmedia%2F1441398809649b9mtze6mSAnb3iO8
436963421,https://api.gbif.org/v1/image/unsafe/https%3A%2F%2Fmediaphoto.mnhn.fr%2Fmedia%2F1441364037063jmOBzFHBgBtajbLq
436963456,https://api.gbif.org/v1/image/unsafe/https%3A%2F%2Fmediaphoto.mnhn.fr%2Fmedia%2F1441372362455Z4H6yuHYm1XOGY8Q
436963506,https://api.gbif.org/v1/image/unsafe/https%3A%2F%2Fmediaphoto.mnhn.fr%2Fmedia%2F1441372352133l2wiQ5RobbfZkjjm
436963536,https://api.gbif.org/v1/image/unsafe/https%3A%2F%2Fmediaphoto.mnhn.fr%2Fmedia%2F1441439096540jYLAg8qL6Cg9Gr4n
436963601,https://api.gbif.org/v1/image/unsafe/https%3A%2F%2Fmediaphoto.mnhn.fr%2Fmedia%2F1441389428513IaygYZowo9BeOZaP
436963611,https://api.gbif.org/v1/image/unsafe/https%3A%2F%2Fmediaphoto.mnhn.fr%2Fmedia%2F1441390225780BQJJGsI631MFO17j
436963641,https://api.gbif.org/v1/image/unsafe/https%3A%2F%2Fmediaphoto.mnhn.fr%2Fmedia%2F1441352592873EDhvUr1RYA7g5Hjd
436963666,https://api.gbif.org/v1/image/unsafe/https%3A%2F%2Fmediaphoto.mnhn.fr%2Fmedia%2F1441356439509b1YR6H3uswCoVSaZ
436963866,https://api.gbif.org/v1/image/unsafe/https%3A%2F%2Fmediaphoto.mnhn.fr%2Fmedia%2F1442321421081z7kGtgRMN2bEwMpo
436963901,https://api.gbif.org/v1/image/unsafe/https%3A%2F%2Fmediaphoto.mnhn.fr%2Fmedia%2F1441306134404RZanrzeCBLm1YUR6
436963991,https://api.gbif.org/v1/image/unsafe/https%3A%2F%2Fmediaphoto.mnhn.fr%2Fmedia%2F1441306420399K13MDJorGtRSHx4j
436963996,https://api.gbif.org/v1/image/unsafe/https%3A%2F%2Fmediaphoto.mnhn.fr%2Fmedia%2F1441436702363K3iav5ytyRcCP6NH
436964181,https://api.gbif.org/v1/image/unsafe/https%3A%2F%2Fmediaphoto.mnhn.fr%2Fmedia%2F1441380550453d8MAGaIC4PGCY0in
436964236,https://api.gbif.org/v1/image/unsafe/https%3A%2F%2Fmediaphoto.mnhn.fr%2Fmedia%2F1441433926959LG6hoF7olSHBFPqU
436964241,https://api.gbif.org/v1/image/unsafe/https%3A%2F%2Fmediaphoto.mnhn.fr%2Fmedia%2F14424798513654F4rdZLlvXuTQlae
436964401,https://api.gbif.org/v1/image/unsafe/https%3A%2F%2Fmediaphoto.mnhn.fr%2Fmedia%2F1442394311397AcmSbJCOmYHxTY4Z
436964411,https://api.gbif.org/v1/image/unsafe/https%3A%2F%2Fmediaphoto.mnhn.fr%2Fmedia%2F14413427542469XLl9M9DInXq6zyK
436964606,https://api.gbif.org/v1/image/unsafe/https%3A%2F%2Fmediaphoto.mnhn.fr%2Fmedia%2F1442478480106FxjJLizwwxyiULhG
436964616,https://api.gbif.org/v1/image/unsafe/https%3A%2F%2Fmediaphoto.mnhn.fr%2Fmedia%2F14413402835129X2wimq3uZg2wUQQ
436964621,https://api.gbif.org/v1/image/unsafe/https%3A%2F%2Fmediaphoto.mnhn.fr%2Fmedia%2F1441302812774osAo6G5gcVva4eWe
436964626,https://api.gbif.org/v1/image/unsafe/https%3A%2F%2Fmediaphoto.mnhn.fr%2Fmedia%2F1443998335667MrLKhZS9AATvbVZM
436964686,https://api.gbif.org/v1/image/unsafe/https%3A%2F%2Fmediaphoto.mnhn.fr%2Fmedia%2F1441343270998EBS4Vg82MMcUHM9y
436964716,https://api.gbif.org/v1/image/unsafe/https%3A%2F%2Fmediaphoto.mnhn.fr%2Fmedia%2F1441376213027p35pmjQMgUGizWkt
436964791,https://api.gbif.org/v1/image/unsafe/https%3A%2F%2Fmediaphoto.mnhn.fr%2Fmedia%2F1441441588369YYQyRqwhMODgyGrU
436964831,https://api.gbif.org/v1/image/unsafe/https%3A%2F%2Fmediaphoto.mnhn.fr%2Fmedia%2F14413437006258yirOnzr9g7OOTGq
436964991,https://api.gbif.org/v1/image/unsafe/https%3A%2F%2Fmediaphoto.mnhn.fr%2Fmedia%2F1441441294952kBkt718CiJy1V0gn
436965016,https://api.gbif.org/v1/image/unsafe/https%3A%2F%2Fmediaphoto.mnhn.fr%2Fmedia%2F1442404729184zLGHZT2GLzxnPLQP
436965196,https://api.gbif.org/v1/image/unsafe/https%3A%2F%2Fmediaphoto.mnhn.fr%2Fmedia%2F14413048405287gICB2F5MbK9hQ3i
436965281,https://api.gbif.org/v1/image/unsafe/https%3A%2F%2Fmediaphoto.mnhn.fr%2Fmedia%2F1441370611131INrjfeVQkeFvhGVt
436965306,https://api.gbif.org/v1/image/unsafe/https%3A%2F%2Fmediaphoto.mnhn.fr%2Fmedia%2F1441370162494uNlZNTYnxkdhQQk1
436965311,https://api.gbif.org/v1/image/unsafe/https%3A%2F%2Fmediaphoto.mnhn.fr%2Fmedia%2F1441370322977Ue2zV8NtNOy4vCfa
436965351,https://api.gbif.org/v1/image/unsafe/https%3A%2F%2Fmediaphoto.mnhn.fr%2Fmedia%2F1441309388332a5rOH5hsdXK6kUrX
436965496,https://api.gbif.org/v1/image/unsafe/https%3A%2F%2Fmediaphoto.mnhn.fr%2Fmedia%2F1441349213501QxTpsH9ARyyKbZez
436965541,https://api.gbif.org/v1/image/unsafe/https%3A%2F%2Fmediaphoto.mnhn.fr%2Fmedia%2F1441438881623FHuIwM0qj28ALC7V
436968706,https://api.gbif.org/v1/image/unsafe/https%3A%2F%2Fmediaphoto.mnhn.fr%2Fmedia%2F1441343593015x0k4Pou9XOb5ETig
436968886,https://api.gbif.org/v1/image/unsafe/https%3A%2F%2Fmediaphoto.mnhn.fr%2Fmedia%2F14413992765659d6arV7pb6nlitBK
436968891,https://api.gbif.org/v1/image/unsafe/https%3A%2F%2Fmediaphoto.mnhn.fr%2Fmedia%2F1441395963450O1Z612ngkmPvEqTN
436968976,https://api.gbif.org/v1/image/unsafe/https%3A%2F%2Fmediaphoto.mnhn.fr%2Fmedia%2F1441333311614oF8oSWfBS3cNJHjT
436968981,https://api.gbif.org/v1/image/unsafe/https%3A%2F%2Fmediaphoto.mnhn.fr%2Fmedia%2F1441306374208HGByAgcoBWN7fvk8
436968991,https://api.gbif.org/v1/image/unsafe/https%3A%2F%2Fmediaphoto.mnhn.fr%2Fmedia%2F1441329999804EDg7nlRRkIaiVWfM
436969006,https://api.gbif.org/v1/image/unsafe/https%3A%2F%2Fmediaphoto.mnhn.fr%2Fmedia%2F1441333238633NN9x3FvIjcwV3Tfv
436969076,https://api.gbif.org/v1/image/unsafe/https%3A%2F%2Fmediaphoto.mnhn.fr%2Fmedia%2F1441306466073RODUvUiS13HenfDJ
436969091,https://api.gbif.org/v1/image/unsafe/https%3A%2F%2Fmediaphoto.mnhn.fr%2Fmedia%2F1441307044116uqoURyKLXwQG9HLO
436969116,https://api.gbif.org/v1/image/unsafe/https%3A%2F%2Fmediaphoto.mnhn.fr%2Fmedia%2F144130697515622e01PyQIIh1lhfi
436969121,https://api.gbif.org/v1/image/unsafe/https%3A%2F%2Fmediaphoto.mnhn.fr%2Fmedia%2F1441306835637D95Uhms2bhu1UzTX
436951392,https://api.gbif.org/v1/image/unsafe/https%3A%2F%2Fmediaphoto.mnhn.fr%2Fmedia%2F1441346920432a3RwaTkzNhMzmjuP
436951492,https://api.gbif.org/v1/image/unsafe/https%3A%2F%2Fmediaphoto.mnhn.fr%2Fmedia%2F1441335170364QfygRdQQYmQ74a9e
436951577,https://api.gbif.org/v1/image/unsafe/https%3A%2F%2Fmediaphoto.mnhn.fr%2Fmedia%2F1441346221153XU6UMJ0NwLG95Vwt
436952037,https://api.gbif.org/v1/image/unsafe/https%3A%2F%2Fmediaphoto.mnhn.fr%2Fmedia%2F1441343261251h9Ye8D9vYdHCFAxy
436952282,https://api.gbif.org/v1/image/unsafe/https%3A%2F%2Fmediaphoto.mnhn.fr%2Fmedia%2F1441369915750XiJ3mvcMwpZDknvm
436952292,https://api.gbif.org/v1/image/unsafe/https%3A%2F%2Fmediaphoto.mnhn.fr%2Fmedia%2F1441368392918m3p4POwpCHPt5POU
436952302,https://api.gbif.org/v1/image/unsafe/https%3A%2F%2Fmediaphoto.mnhn.fr%2Fmedia%2F1441370074138422BaVzrwrJ0Jvci
436952517,https://api.gbif.org/v1/image/unsafe/https%3A%2F%2Fmediaphoto.mnhn.fr%2Fmedia%2F1441396544601xhYNMKmpCn93w0Br
436952577,https://api.gbif.org/v1/image/unsafe/https%3A%2F%2Fmediaphoto.mnhn.fr%2Fmedia%2F1441342886563ianVwscub9g1EkyX
436952832,https://api.gbif.org/v1/image/unsafe/https%3A%2F%2Fmediaphoto.mnhn.fr%2Fmedia%2F1441343004722Wr49HieFQMiSTRyC
436952847,https://api.gbif.org/v1/image/unsafe/https%3A%2F%2Fmediaphoto.mnhn.fr%2Fmedia%2F1441342994470RDRK7TTNPITdCWBE
436952882,https://api.gbif.org/v1/image/unsafe/https%3A%2F%2Fmediaphoto.mnhn.fr%2Fmedia%2F14413334445562SBsKVYRHk5z53GK
436953077,https://api.gbif.org/v1/image/unsafe/https%3A%2F%2Fmediaphoto.mnhn.fr%2Fmedia%2F1441344627972B93wV4FDDUwUQ8cM
436953107,https://api.gbif.org/v1/image/unsafe/https%3A%2F%2Fmediaphoto.mnhn.fr%2Fmedia%2F1441342901793p4Rl5d2KBtNG7Yet
436953152,https://api.gbif.org/v1/image/unsafe/https%3A%2F%2Fmediaphoto.mnhn.fr%2Fmedia%2F1441302961597EK9S2IWsOwSy5hGv
436953162,https://api.gbif.org/v1/image/unsafe/https%3A%2F%2Fmediaphoto.mnhn.fr%2Fmedia%2F1441303637196rTtW05B86hZCBBRU
436953252,https://api.gbif.org/v1/image/unsafe/https%3A%2F%2Fmediaphoto.mnhn.fr%2Fmedia%2F1441333445299rTW5NZsCa50Zqqn5
436953297,https://api.gbif.org/v1/image/unsafe/https%3A%2F%2Fmediaphoto.mnhn.fr%2Fmedia%2F1441343318476oo5zSdewPCGQsX6M
436953407,https://api.gbif.org/v1/image/unsafe/https%3A%2F%2Fmediaphoto.mnhn.fr%2Fmedia%2F1441305205124pQFpfAeLQsfAoBTI
436953467,https://api.gbif.org/v1/image/unsafe/https%3A%2F%2Fmediaphoto.mnhn.fr%2Fmedia%2F1441353846488WLKmZrG0h5uyaJqX
436953492,https://api.gbif.org/v1/image/unsafe/https%3A%2F%2Fmediaphoto.mnhn.fr%2Fmedia%2F1441370828684bOMOMAQrQXjnUpSh
436953507,https://api.gbif.org/v1/image/unsafe/https%3A%2F%2Fmediaphoto.mnhn.fr%2Fmedia%2F1441342330202A9mOmEigRZHdNgA1
436954092,https://api.gbif.org/v1/image/unsafe/https%3A%2F%2Fmediaphoto.mnhn.fr%2Fmedia%2F1441341670274MBMUIokJeKrfSflT
436954137,https://api.gbif.org/v1/image/unsafe/https%3A%2F%2Fmediaphoto.mnhn.fr%2Fmedia%2F144136744307480RdNahSlkSObPro
436954417,https://api.gbif.org/v1/image/unsafe/https%3A%2F%2Fmediaphoto.mnhn.fr%2Fmedia%2F1441367195114osRpzKcMSYLmTpeG
436954442,https://api.gbif.org/v1/image/unsafe/https%3A%2F%2Fmediaphoto.mnhn.fr%2Fmedia%2F1441343391744T6VApSbxFaallphk
436954557,https://api.gbif.org/v1/image/unsafe/https%3A%2F%2Fmediaphoto.mnhn.fr%2Fmedia%2F1441333349927VgBuRGHFUa5TpflU
436954607,https://api.gbif.org/v1/image/unsafe/https%3A%2F%2Fmediaphoto.mnhn.fr%2Fmedia%2F1442328754100hqXt0m7FxRvP4QBf
436954707,https://api.gbif.org/v1/image/unsafe/https%3A%2F%2Fmediaphoto.mnhn.fr%2Fmedia%2F1441335354853LJtXzp6BZXG8L7PD
436954747,https://api.gbif.org/v1/image/unsafe/https%3A%2F%2Fmediaphoto.mnhn.fr%2Fmedia%2F1441342432343LuvdNPJ55RCQrR9k
436954757,https://api.gbif.org/v1/image/unsafe/https%3A%2F%2Fmediaphoto.mnhn.fr%2Fmedia%2F14413333688841sK2vAG4RRbp3zE1
436954872,https://api.gbif.org/v1/image/unsafe/https%3A%2F%2Fmediaphoto.mnhn.fr%2Fmedia%2F1441343650745bxdBNJg5jzU225Va
436955097,https://api.gbif.org/v1/image/unsafe/https%3A%2F%2Fmediaphoto.mnhn.fr%2Fmedia%2F1441332797289Uf8I8OptLuWI818a
436955562,https://api.gbif.org/v1/image/unsafe/https%3A%2F%2Fmediaphoto.mnhn.fr%2Fmedia%2F1441343048644aQHkWh3yHR7NgifF
436955567,https://api.gbif.org/v1/image/unsafe/https%3A%2F%2Fmediaphoto.mnhn.fr%2Fmedia%2F1441343401529vSjTzbtsJLoCLTmZ
436955587,https://api.gbif.org/v1/image/unsafe/https%3A%2F%2Fmediaphoto.mnhn.fr%2Fmedia%2F1441343014420S00cpRKOoBglLrn2
436955622,https://api.gbif.org/v1/image/unsafe/https%3A%2F%2Fmediaphoto.mnhn.fr%2Fmedia%2F1441335598607qHziEjaNWyCdrX4P
436955642,https://api.gbif.org/v1/image/unsafe/https%3A%2F%2Fmediaphoto.mnhn.fr%2Fmedia%2F1441333311239bwnF4oD7XUUpnu3c
436955727,https://api.gbif.org/v1/image/unsafe/https%3A%2F%2Fmediaphoto.mnhn.fr%2Fmedia%2F1441333312711CAZAwlVUgyF1Ewsr
436955772,https://api.gbif.org/v1/image/unsafe/https%3A%2F%2Fmediaphoto.mnhn.fr%2Fmedia%2F1442333695325ilopMJ2mRx9dDkxX
436956292,https://api.gbif.org/v1/image/unsafe/https%3A%2F%2Fmediaphoto.mnhn.fr%2Fmedia%2F1441333192913PGhDlf1LPFEfNr4A
436956367,https://api.gbif.org/v1/image/unsafe/https%3A%2F%2Fmediaphoto.mnhn.fr%2Fmedia%2F1441384518544ULltUrIZbBxN7t8a
436956382,https://api.gbif.org/v1/image/unsafe/https%3A%2F%2Fmediaphoto.mnhn.fr%2Fmedia%2F1441378459282RTZ0oHH7faLH74kM
436956402,https://api.gbif.org/v1/image/unsafe/https%3A%2F%2Fmediaphoto.mnhn.fr%2Fmedia%2F1441378458845JRk56VGSxwZ8KvGc
436956407,https://api.gbif.org/v1/image/unsafe/https%3A%2F%2Fmediaphoto.mnhn.fr%2Fmedia%2F1441386271695HoaAQo9B8Mu66Gvd
436956422,https://api.gbif.org/v1/image/unsafe/https%3A%2F%2Fmediaphoto.mnhn.fr%2Fmedia%2F1441378428468f8HjTViSoG3rT8KX
436956497,https://api.gbif.org/v1/image/unsafe/https%3A%2F%2Fmediaphoto.mnhn.fr%2Fmedia%2F1441387257597kjBtf1XbxmGgoPBf
436956942,https://api.gbif.org/v1/image/unsafe/https%3A%2F%2Fmediaphoto.mnhn.fr%2Fmedia%2F1441341114204ULofWo1ve2PIWilq
436957062,https://api.gbif.org/v1/image/unsafe/https%3A%2F%2Fmediaphoto.mnhn.fr%2Fmedia%2F1441453473170u5ipRbdLjcJwiKKD
436957892,https://api.gbif.org/v1/image/unsafe/https%3A%2F%2Fmediaphoto.mnhn.fr%2Fmedia%2F144136946141076VnMixXlnwbKcYQ
436958052,https://api.gbif.org/v1/image/unsafe/https%3A%2F%2Fmediaphoto.mnhn.fr%2Fmedia%2F14423149853931KEexkgv7p4ey88Z
436958447,https://api.gbif.org/v1/image/unsafe/https%3A%2F%2Fmediaphoto.mnhn.fr%2Fmedia%2F1441340040491R3LNt2JuElKzWkgr
436958542,https://api.gbif.org/v1/image/unsafe/https%3A%2F%2Fmediaphoto.mnhn.fr%2Fmedia%2F144137508973483Ohme0lGuRHTvM2
436958572,https://api.gbif.org/v1/image/unsafe/https%3A%2F%2Fmediaphoto.mnhn.fr%2Fmedia%2F14414411723057A9aouus6SFkPG21
436958592,https://api.gbif.org/v1/image/unsafe/https%3A%2F%2Fmediaphoto.mnhn.fr%2Fmedia%2F1443486376212kPR0z2h4SIlFqB88
436958687,https://api.gbif.org/v1/image/unsafe/https%3A%2F%2Fmediaphoto.mnhn.fr%2Fmedia%2F1441389258209lYWYgsQaGrioq1JM
436958692,https://api.gbif.org/v1/image/unsafe/https%3A%2F%2Fmediaphoto.mnhn.fr%2Fmedia%2F1441389257586DhpxCf72TjmjNfbs
436958922,https://api.gbif.org/v1/image/unsafe/https%3A%2F%2Fmediaphoto.mnhn.fr%2Fmedia%2F1441371494676WBLwsltfPTsy2D0P
436958957,https://api.gbif.org/v1/image/unsafe/https%3A%2F%2Fmediaphoto.mnhn.fr%2Fmedia%2F144134010632052vEEStNSXXi83Ao
436959052,https://api.gbif.org/v1/image/unsafe/https%3A%2F%2Fmediaphoto.mnhn.fr%2Fmedia%2F1441445337623nNzuBD9SuK5wP0gZ
436959862,https://api.gbif.org/v1/image/unsafe/https%3A%2F%2Fmediaphoto.mnhn.fr%2Fmedia%2F1442314718971VVd3EWkUwTaCvryq
436959982,https://api.gbif.org/v1/image/unsafe/https%3A%2F%2Fmediaphoto.mnhn.fr%2Fmedia%2F14413900152485YL6fRBOvF4X5Zzb
436960007,https://api.gbif.org/v1/image/unsafe/https%3A%2F%2Fmediaphoto.mnhn.fr%2Fmedia%2F1418908174459cai3MZq4yJhXGjZj
436960067,https://api.gbif.org/v1/image/unsafe/https%3A%2F%2Fmediaphoto.mnhn.fr%2Fmedia%2F1441379901107zbR9hAsmd2R5GN8N
436960152,https://api.gbif.org/v1/image/unsafe/https%3A%2F%2Fmediaphoto.mnhn.fr%2Fmedia%2F15004554825740XKpDOG4TupFXy0J
436960157,https://api.gbif.org/v1/image/unsafe/https%3A%2F%2Fmediaphoto.mnhn.fr%2Fmedia%2F1441389775908xCLyt1VbuR8HP9QX
436960207,https://api.gbif.org/v1/image/unsafe/https%3A%2F%2Fmediaphoto.mnhn.fr%2Fmedia%2F1441389770582LZHWx4whzvnOKyFm
436960542,https://api.gbif.org/v1/image/unsafe/https%3A%2F%2Fmediaphoto.mnhn.fr%2Fmedia%2F1441438506333jY8thHkPDZrwcIgj
436960562,https://api.gbif.org/v1/image/unsafe/https%3A%2F%2Fmediaphoto.mnhn.fr%2Fmedia%2F1442341726492IwhWiQxmMLT9jUaQ
436960717,https://api.gbif.org/v1/image/unsafe/https%3A%2F%2Fmediaphoto.mnhn.fr%2Fmedia%2F1441389794995QbCmv1QTSKUgSUyB
436960777,https://api.gbif.org/v1/image/unsafe/https%3A%2F%2Fmediaphoto.mnhn.fr%2Fmedia%2F14413142603828Mf23zaNnn5XMG4M
436960842,https://api.gbif.org/v1/image/unsafe/https%3A%2F%2Fmediaphoto.mnhn.fr%2Fmedia%2F1441339132877zlhgGiK7s4FWCxGb
436961257,https://api.gbif.org/v1/image/unsafe/https%3A%2F%2Fmediaphoto.mnhn.fr%2Fmedia%2F14414243830734zwIti7NOLUrjnG2
436961262,https://api.gbif.org/v1/image/unsafe/https%3A%2F%2Fmediaphoto.mnhn.fr%2Fmedia%2F14414246368894Z9rOLJOj2Dh94ao
436961272,https://api.gbif.org/v1/image/unsafe/https%3A%2F%2Fmediaphoto.mnhn.fr%2Fmedia%2F1441400608673TAiDa3p2vrAyMVPr
436961302,https://api.gbif.org/v1/image/unsafe/https%3A%2F%2Fmediaphoto.mnhn.fr%2Fmedia%2F1441425450784GnDRmF72ZEWFVUiJ
436961422,https://api.gbif.org/v1/image/unsafe/https%3A%2F%2Fmediaphoto.mnhn.fr%2Fmedia%2F1441353227150tbwTlSpzsobWzoTx
436961497,https://api.gbif.org/v1/image/unsafe/https%3A%2F%2Fmediaphoto.mnhn.fr%2Fmedia%2F1441423551382DRIJoMAllG3nijha
436961567,https://api.gbif.org/v1/image/unsafe/https%3A%2F%2Fmediaphoto.mnhn.fr%2Fmedia%2F144139078547786CDrTgALhXrmxqy
436961582,https://api.gbif.org/v1/image/unsafe/https%3A%2F%2Fmediaphoto.mnhn.fr%2Fmedia%2F14413805567159vSD2AJ094RSadvz
436962107,https://api.gbif.org/v1/image/unsafe/https%3A%2F%2Fmediaphoto.mnhn.fr%2Fmedia%2F1441304769787aUSQjjMkMvmEfEvM
436962392,https://api.gbif.org/v1/image/unsafe/https%3A%2F%2Fmediaphoto.mnhn.fr%2Fmedia%2F1441341581617bQvChgzO7jrldai5
436962397,https://api.gbif.org/v1/image/unsafe/https%3A%2F%2Fmediaphoto.mnhn.fr%2Fmedia%2F1441366400791hQ2Vh1V6uo5zLrQo
436962492,https://api.gbif.org/v1/image/unsafe/https%3A%2F%2Fmediaphoto.mnhn.fr%2Fmedia%2F1441420540677YQJHNOqeo4AnwmQV
436963072,https://api.gbif.org/v1/image/unsafe/https%3A%2F%2Fmediaphoto.mnhn.fr%2Fmedia%2F1441424267079rUYXzw6WKFxJAQ5r
436963087,https://api.gbif.org/v1/image/unsafe/https%3A%2F%2Fmediaphoto.mnhn.fr%2Fmedia%2F1441395912435L95FdDwuIR8sl5Z3
436963152,https://api.gbif.org/v1/image/unsafe/https%3A%2F%2Fmediaphoto.mnhn.fr%2Fmedia%2F1441364227486l8O7ohf3hYWl74R5
436963172,https://api.gbif.org/v1/image/unsafe/https%3A%2F%2Fmediaphoto.mnhn.fr%2Fmedia%2F1441421511702W0niuBxkHvxnlwKn
436963182,https://api.gbif.org/v1/image/unsafe/https%3A%2F%2Fmediaphoto.mnhn.fr%2Fmedia%2F14413959091473VgJkUr2fOZ48zPe
436963197,https://api.gbif.org/v1/image/unsafe/https%3A%2F%2Fmediaphoto.mnhn.fr%2Fmedia%2F1441420942832K80qSkBRcFwizMDm
436963202,https://api.gbif.org/v1/image/unsafe/https%3A%2F%2Fmediaphoto.mnhn.fr%2Fmedia%2F14414208308545iy5kyiRq7CWCWQV
436963212,https://api.gbif.org/v1/image/unsafe/https%3A%2F%2Fmediaphoto.mnhn.fr%2Fmedia%2F1443062684777swu3CKTChrCzoxwv
436963237,https://api.gbif.org/v1/image/unsafe/https%3A%2F%2Fmediaphoto.mnhn.fr%2Fmedia%2F14413985419671iWJ1AVrrqqKngkO
436963242,https://api.gbif.org/v1/image/unsafe/https%3A%2F%2Fmediaphoto.mnhn.fr%2Fmedia%2F1441423922962z1PkzXF97rfp8wk1
436963252,https://api.gbif.org/v1/image/unsafe/https%3A%2F%2Fmediaphoto.mnhn.fr%2Fmedia%2F1441398808890AlK1XPlHswl8g2Oh
436963412,https://api.gbif.org/v1/image/unsafe/https%3A%2F%2Fmediaphoto.mnhn.fr%2Fmedia%2F1441408035133c8z0rACYYT8LncfO
436963422,https://api.gbif.org/v1/image/unsafe/https%3A%2F%2Fmediaphoto.mnhn.fr%2Fmedia%2F1441364037044EwlflEoxZinys6db
436963507,https://api.gbif.org/v1/image/unsafe/https%3A%2F%2Fmediaphoto.mnhn.fr%2Fmedia%2F1441372352116GFZ4eDcreLU0Dbf3
436963727,https://api.gbif.org/v1/image/unsafe/https%3A%2F%2Fmediaphoto.mnhn.fr%2Fmedia%2F1441339825018VdkmpxOhEyOV7YJn
436963737,https://api.gbif.org/v1/image/unsafe/https%3A%2F%2Fmediaphoto.mnhn.fr%2Fmedia%2F1441343363338FZHq8rKb53O323Jz
436963932,https://api.gbif.org/v1/image/unsafe/https%3A%2F%2Fmediaphoto.mnhn.fr%2Fmedia%2F1441305595709VeNAAaOydTHlLaIO
436963977,https://api.gbif.org/v1/image/unsafe/https%3A%2F%2Fmediaphoto.mnhn.fr%2Fmedia%2F1441306220203eyC7o4gCTXppz4yb
436963992,https://api.gbif.org/v1/image/unsafe/https%3A%2F%2Fmediaphoto.mnhn.fr%2Fmedia%2F1441306394685yIAl2vlJpdj67OFh
436964127,https://api.gbif.org/v1/image/unsafe/https%3A%2F%2Fmediaphoto.mnhn.fr%2Fmedia%2F1442410118041XPkA2yc3b65IvbSs
436964222,https://api.gbif.org/v1/image/unsafe/https%3A%2F%2Fmediaphoto.mnhn.fr%2Fmedia%2F14414338831227zy3zfVkPoou86lu
436964387,https://api.gbif.org/v1/image/unsafe/https%3A%2F%2Fmediaphoto.mnhn.fr%2Fmedia%2F1441362687081MlmYJG0rUYXdcJgW
436964412,https://api.gbif.org/v1/image/unsafe/https%3A%2F%2Fmediaphoto.mnhn.fr%2Fmedia%2F1441342754228tOHGNQbwGDdqUtSQ
436964672,https://api.gbif.org/v1/image/unsafe/https%3A%2F%2Fmediaphoto.mnhn.fr%2Fmedia%2F1441440973078BkY1ItFIJ9xfG86G
436964687,https://api.gbif.org/v1/image/unsafe/https%3A%2F%2Fmediaphoto.mnhn.fr%2Fmedia%2F1441343271304mNdoiTRMDjAmJ9qF
436964697,https://api.gbif.org/v1/image/unsafe/https%3A%2F%2Fmediaphoto.mnhn.fr%2Fmedia%2F1442324500835sXgOyOgFhc3izsxM
436964702,https://api.gbif.org/v1/image/unsafe/https%3A%2F%2Fmediaphoto.mnhn.fr%2Fmedia%2F14424784184827qVSztvLDWXsQX0g
436964802,https://api.gbif.org/v1/image/unsafe/https%3A%2F%2Fmediaphoto.mnhn.fr%2Fmedia%2F14414414030917KwJJw2AU55pDhQi
436964887,https://api.gbif.org/v1/image/unsafe/https%3A%2F%2Fmediaphoto.mnhn.fr%2Fmedia%2F14468150306105c34sJyoqqND6oLQ
436965127,https://api.gbif.org/v1/image/unsafe/https%3A%2F%2Fmediaphoto.mnhn.fr%2Fmedia%2F144130644930537n79ye4FuVumfDX
436965152,https://api.gbif.org/v1/image/unsafe/https%3A%2F%2Fmediaphoto.mnhn.fr%2Fmedia%2F1441390501773TmZwR2M9xHOn1BfW
436965277,https://api.gbif.org/v1/image/unsafe/https%3A%2F%2Fmediaphoto.mnhn.fr%2Fmedia%2F1441369920208IotnGT7MTUM73B5u
436965317,https://api.gbif.org/v1/image/unsafe/https%3A%2F%2Fmediaphoto.mnhn.fr%2Fmedia%2F1441370416850DlWsQt5Mq9BCrkHo
436965517,https://api.gbif.org/v1/image/unsafe/https%3A%2F%2Fmediaphoto.mnhn.fr%2Fmedia%2F1442498959427EtmzsGS4QEj3KfRZ
436965522,https://api.gbif.org/v1/image/unsafe/https%3A%2F%2Fmediaphoto.mnhn.fr%2Fmedia%2F1442499242460y46neMlmoyNUxugx
436968862,https://api.gbif.org/v1/image/unsafe/https%3A%2F%2Fmediaphoto.mnhn.fr%2Fmedia%2F14413510372942kEvxI4uZDuT5PcZ
436968952,https://api.gbif.org/v1/image/unsafe/https%3A%2F%2Fmediaphoto.mnhn.fr%2Fmedia%2F1441306932438yiUdGotj6pCmhIaU
436968967,https://api.gbif.org/v1/image/unsafe/https%3A%2F%2Fmediaphoto.mnhn.fr%2Fmedia%2F1441306491722ghZHAnvKeD0JwkSC
436969042,https://api.gbif.org/v1/image/unsafe/https%3A%2F%2Fmediaphoto.mnhn.fr%2Fmedia%2F1441307164524YSmEKcTPpxv8jk89
436969102,https://api.gbif.org/v1/image/unsafe/https%3A%2F%2Fmediaphoto.mnhn.fr%2Fmedia%2F1441343192683vcaxClDkWbqEDtDL
436969107,https://api.gbif.org/v1/image/unsafe/https%3A%2F%2Fmediaphoto.mnhn.fr%2Fmedia%2F1441306974628zlbBiAxPUzHCsiEX
436969177,https://api.gbif.org/v1/image/unsafe/https%3A%2F%2Fmediaphoto.mnhn.fr%2Fmedia%2F1441350548421oi415cE74bcMhW9c
436951393,https://api.gbif.org/v1/image/unsafe/https%3A%2F%2Fmediaphoto.mnhn.fr%2Fmedia%2F1441346920487NAAklGsCj45kePDm
436952038,https://api.gbif.org/v1/image/unsafe/https%3A%2F%2Fmediaphoto.mnhn.fr%2Fmedia%2F1441343261212mQOifkBqyrngf621
436952178,https://api.gbif.org/v1/image/unsafe/https%3A%2F%2Fmediaphoto.mnhn.fr%2Fmedia%2F1441390267043caOtnzAzMrpyN9xv
436952258,https://api.gbif.org/v1/image/unsafe/https%3A%2F%2Fmediaphoto.mnhn.fr%2Fmedia%2F1441369915408jv3pbTGmaUuZrLwq
436952268,https://api.gbif.org/v1/image/unsafe/https%3A%2F%2Fmediaphoto.mnhn.fr%2Fmedia%2F14413707248676bw1WWRRah23HkCK
436952293,https://api.gbif.org/v1/image/unsafe/https%3A%2F%2Fmediaphoto.mnhn.fr%2Fmedia%2F1441369915351vMPxMiZ3GnIPL15j
436952298,https://api.gbif.org/v1/image/unsafe/https%3A%2F%2Fmediaphoto.mnhn.fr%2Fmedia%2F1441370074118bjnmuFNlGDeLxWsh
436952303,https://api.gbif.org/v1/image/unsafe/https%3A%2F%2Fmediaphoto.mnhn.fr%2Fmedia%2F1441370074223Uuc2KC1TXKEyVa57
436952363,https://api.gbif.org/v1/image/unsafe/https%3A%2F%2Fmediaphoto.mnhn.fr%2Fmedia%2F1441344222179k5Lm6U5IBfHsbmDw
436952428,https://api.gbif.org/v1/image/unsafe/https%3A%2F%2Fmediaphoto.mnhn.fr%2Fmedia%2F1441389578058XJmouHtQZDWM14UM
436952758,https://api.gbif.org/v1/image/unsafe/https%3A%2F%2Fmediaphoto.mnhn.fr%2Fmedia%2F1453444469039xirx3ZbONR9Dx7kd
436952828,https://api.gbif.org/v1/image/unsafe/https%3A%2F%2Fmediaphoto.mnhn.fr%2Fmedia%2F14413429829200cZgHa8uyAe2564W
436952848,https://api.gbif.org/v1/image/unsafe/https%3A%2F%2Fmediaphoto.mnhn.fr%2Fmedia%2F1441342994434PTkGiw1ZWAm14eCT
436953003,https://api.gbif.org/v1/image/unsafe/https%3A%2F%2Fmediaphoto.mnhn.fr%2Fmedia%2F14413047773547cwwNZUurEFBKGVi
436953008,https://api.gbif.org/v1/image/unsafe/https%3A%2F%2Fmediaphoto.mnhn.fr%2Fmedia%2F1453133348778WClG587MBH3coiBm
436953163,https://api.gbif.org/v1/image/unsafe/https%3A%2F%2Fmediaphoto.mnhn.fr%2Fmedia%2F1441303800041QpbLFUDnOA8IBCN6
436953203,https://api.gbif.org/v1/image/unsafe/https%3A%2F%2Fmediaphoto.mnhn.fr%2Fmedia%2F1442245622333I5RvDhvooxubVYCH
436953233,https://api.gbif.org/v1/image/unsafe/https%3A%2F%2Fmediaphoto.mnhn.fr%2Fmedia%2F14413353723411vpeExm20qO2h4Ye
436953243,https://api.gbif.org/v1/image/unsafe/https%3A%2F%2Fmediaphoto.mnhn.fr%2Fmedia%2F1441333694474r6Qxg61WxslGTgUz
436953528,https://api.gbif.org/v1/image/unsafe/https%3A%2F%2Fmediaphoto.mnhn.fr%2Fmedia%2F1441335641482Z3PmeTntQjJVEF7e
436953548,https://api.gbif.org/v1/image/unsafe/https%3A%2F%2Fmediaphoto.mnhn.fr%2Fmedia%2F1441352238470JgPTCXBRMWFfEiyv
436954083,https://api.gbif.org/v1/image/unsafe/https%3A%2F%2Fmediaphoto.mnhn.fr%2Fmedia%2F1441341712821u7NVaHw7hZnjiA0w
436954103,https://api.gbif.org/v1/image/unsafe/https%3A%2F%2Fmediaphoto.mnhn.fr%2Fmedia%2F1442247967707iKxjzRU1nnjgC60u
436954188,https://api.gbif.org/v1/image/unsafe/https%3A%2F%2Fmediaphoto.mnhn.fr%2Fmedia%2F1441390862068jaHohlJqftrFSqzo
436954223,https://api.gbif.org/v1/image/unsafe/https%3A%2F%2Fmediaphoto.mnhn.fr%2Fmedia%2F1441387235260IUAAk4uvsrLZ96KS
436954348,https://api.gbif.org/v1/image/unsafe/https%3A%2F%2Fmediaphoto.mnhn.fr%2Fmedia%2F1441295619399fQHwy4QPvhMOe8Aq
436954403,https://api.gbif.org/v1/image/unsafe/https%3A%2F%2Fmediaphoto.mnhn.fr%2Fmedia%2F1441358664605Y9CTTT1VX0VQyshM
436954538,https://api.gbif.org/v1/image/unsafe/https%3A%2F%2Fmediaphoto.mnhn.fr%2Fmedia%2F1442347025179oSJhiijI7A5HaKig
436954558,https://api.gbif.org/v1/image/unsafe/https%3A%2F%2Fmediaphoto.mnhn.fr%2Fmedia%2F1441333886468ycZZGiB7a8a8RYmq
436954613,https://api.gbif.org/v1/image/unsafe/https%3A%2F%2Fmediaphoto.mnhn.fr%2Fmedia%2F1442326374465oq9uOXF455xVaTUH
436954783,https://api.gbif.org/v1/image/unsafe/https%3A%2F%2Fmediaphoto.mnhn.fr%2Fmedia%2F1441333303217vBhsB78GVy1tqzsZ
436954963,https://api.gbif.org/v1/image/unsafe/https%3A%2F%2Fmediaphoto.mnhn.fr%2Fmedia%2F14414189164603KCj6QU4534r8n6o
436955068,https://api.gbif.org/v1/image/unsafe/https%3A%2F%2Fmediaphoto.mnhn.fr%2Fmedia%2F1441342742956Q1vNyTSJWa8VXnhI
436955618,https://api.gbif.org/v1/image/unsafe/https%3A%2F%2Fmediaphoto.mnhn.fr%2Fmedia%2F14413341209505qOG4tKmLgGMCuE8
436955638,https://api.gbif.org/v1/image/unsafe/https%3A%2F%2Fmediaphoto.mnhn.fr%2Fmedia%2F1441333311220i2SJbZwXQH7XYz45
436955643,https://api.gbif.org/v1/image/unsafe/https%3A%2F%2Fmediaphoto.mnhn.fr%2Fmedia%2F1441333310984Qv99EBRcv6ExeRy3
436955728,https://api.gbif.org/v1/image/unsafe/https%3A%2F%2Fmediaphoto.mnhn.fr%2Fmedia%2F1441333312675utN71Zqder9H6CMB
436955748,https://api.gbif.org/v1/image/unsafe/https%3A%2F%2Fmediaphoto.mnhn.fr%2Fmedia%2F14413904621032F5DmSUR1sMa9GHa
436955763,https://api.gbif.org/v1/image/unsafe/https%3A%2F%2Fmediaphoto.mnhn.fr%2Fmedia%2F1441390461150LmGqymydXxG8vcOz
436956323,https://api.gbif.org/v1/image/unsafe/https%3A%2F%2Fmediaphoto.mnhn.fr%2Fmedia%2F1453205559015OtovCiewAEBRgjzk
436956348,https://api.gbif.org/v1/image/unsafe/https%3A%2F%2Fmediaphoto.mnhn.fr%2Fmedia%2F1441306414556g9rDUhSgiQEQfaKN
436956378,https://api.gbif.org/v1/image/unsafe/https%3A%2F%2Fmediaphoto.mnhn.fr%2Fmedia%2F1504888796229obKgqc0SXHkKC4Ec
436956383,https://api.gbif.org/v1/image/unsafe/https%3A%2F%2Fmediaphoto.mnhn.fr%2Fmedia%2F1441378459264jQ4YaA8OjBULl6Vc
436956423,https://api.gbif.org/v1/image/unsafe/https%3A%2F%2Fmediaphoto.mnhn.fr%2Fmedia%2F144133995997991xSSoKzdSVyjErZ
436956438,https://api.gbif.org/v1/image/unsafe/https%3A%2F%2Fmediaphoto.mnhn.fr%2Fmedia%2F1441381530325Hqo9zya2ULGYdBqv
436956483,https://api.gbif.org/v1/image/unsafe/https%3A%2F%2Fmediaphoto.mnhn.fr%2Fmedia%2F1441330332342Vd6WhWJUIA1kQrKb
436956488,https://api.gbif.org/v1/image/unsafe/https%3A%2F%2Fmediaphoto.mnhn.fr%2Fmedia%2F1441391664748OL5FgzoDqMSIplw0
436956508,https://api.gbif.org/v1/image/unsafe/https%3A%2F%2Fmediaphoto.mnhn.fr%2Fmedia%2F1441387190691bsOR2EcppGaOKBiB
436956513,https://api.gbif.org/v1/image/unsafe/https%3A%2F%2Fmediaphoto.mnhn.fr%2Fmedia%2F1441387212623cbocZALgievig3N6
436956943,https://api.gbif.org/v1/image/unsafe/https%3A%2F%2Fmediaphoto.mnhn.fr%2Fmedia%2F1441341114186JYl2PhO7RKiOVpgh
436957568,https://api.gbif.org/v1/image/unsafe/https%3A%2F%2Fmediaphoto.mnhn.fr%2Fmedia%2F1441365624835FuNncF7BHgjigWBk
436957613,https://api.gbif.org/v1/image/unsafe/https%3A%2F%2Fmediaphoto.mnhn.fr%2Fmedia%2F1442719886683kbl6cuCfBRZpUO2g
436958043,https://api.gbif.org/v1/image/unsafe/https%3A%2F%2Fmediaphoto.mnhn.fr%2Fmedia%2F1441328320768bs3VpSIaGo6r1T0b
436958633,https://api.gbif.org/v1/image/unsafe/https%3A%2F%2Fmediaphoto.mnhn.fr%2Fmedia%2F1441364079606cMz9289rJ8niL7bQ
436958698,https://api.gbif.org/v1/image/unsafe/https%3A%2F%2Fmediaphoto.mnhn.fr%2Fmedia%2F1442343479229YH4EQqAdfUZsmuZi
436958833,https://api.gbif.org/v1/image/unsafe/https%3A%2F%2Fmediaphoto.mnhn.fr%2Fmedia%2F1442320650727E3vKhIFndhGtmJLf
436958963,https://api.gbif.org/v1/image/unsafe/https%3A%2F%2Fmediaphoto.mnhn.fr%2Fmedia%2F144137953291921vIwq2ueXxhQnYb
436959003,https://api.gbif.org/v1/image/unsafe/https%3A%2F%2Fmediaphoto.mnhn.fr%2Fmedia%2F1442333990613nOxeCmlBjKNp9UYC
436959613,https://api.gbif.org/v1/image/unsafe/https%3A%2F%2Fmediaphoto.mnhn.fr%2Fmedia%2F1441396896173NthlqJCfgLzngyGf
436959738,https://api.gbif.org/v1/image/unsafe/https%3A%2F%2Fmediaphoto.mnhn.fr%2Fmedia%2F1441364035781l9xxWfHtiu34Bm3p
436959973,https://api.gbif.org/v1/image/unsafe/https%3A%2F%2Fmediaphoto.mnhn.fr%2Fmedia%2F1441431133134kfMUq46hEb07O2To
436959983,https://api.gbif.org/v1/image/unsafe/https%3A%2F%2Fmediaphoto.mnhn.fr%2Fmedia%2F1441431133090luPv85qyrW5Vtxma
436959988,https://api.gbif.org/v1/image/unsafe/https%3A%2F%2Fmediaphoto.mnhn.fr%2Fmedia%2F1442325249042We7zPlqTUuaajIAb
436960008,https://api.gbif.org/v1/image/unsafe/https%3A%2F%2Fmediaphoto.mnhn.fr%2Fmedia%2F1418908172737a7xk7BcdnUAPNIkz
436960153,https://api.gbif.org/v1/image/unsafe/https%3A%2F%2Fmediaphoto.mnhn.fr%2Fmedia%2F1500455478193ADiHD93WIaQmup29
436960158,https://api.gbif.org/v1/image/unsafe/https%3A%2F%2Fmediaphoto.mnhn.fr%2Fmedia%2F144138977582957EjLHTOOg4hexIg
436960168,https://api.gbif.org/v1/image/unsafe/https%3A%2F%2Fmediaphoto.mnhn.fr%2Fmedia%2F1441430891076XPCsVuClrhsFWOa9
436960543,https://api.gbif.org/v1/image/unsafe/https%3A%2F%2Fmediaphoto.mnhn.fr%2Fmedia%2F1441340039418rOsbKl6vVjmpXfip
436960683,https://api.gbif.org/v1/image/unsafe/https%3A%2F%2Fmediaphoto.mnhn.fr%2Fmedia%2F1442337970097Og1eYD2Ei4AivPjb
436960723,https://api.gbif.org/v1/image/unsafe/https%3A%2F%2Fmediaphoto.mnhn.fr%2Fmedia%2F14413897951177cPwvQ0i4SYPLmOW
436961033,https://api.gbif.org/v1/image/unsafe/https%3A%2F%2Fmediaphoto.mnhn.fr%2Fmedia%2F1442345111056E64YZPzqq3ZzPiTb
436961198,https://api.gbif.org/v1/image/unsafe/https%3A%2F%2Fmediaphoto.mnhn.fr%2Fmedia%2F1441400890900vhkb0weOhqd9MEXP
436961213,https://api.gbif.org/v1/image/unsafe/https%3A%2F%2Fmediaphoto.mnhn.fr%2Fmedia%2F1441395711376eDuobapMkuEWLG2n
436961243,https://api.gbif.org/v1/image/unsafe/https%3A%2F%2Fmediaphoto.mnhn.fr%2Fmedia%2F1441424476259lXFLtncXMnBWRjQZ
436961258,https://api.gbif.org/v1/image/unsafe/https%3A%2F%2Fmediaphoto.mnhn.fr%2Fmedia%2F14414243826446wnnhWEPWMxkjSrr
436961283,https://api.gbif.org/v1/image/unsafe/https%3A%2F%2Fmediaphoto.mnhn.fr%2Fmedia%2F1441424861491kwcQlHxi0IcgG3WJ
436961298,https://api.gbif.org/v1/image/unsafe/https%3A%2F%2Fmediaphoto.mnhn.fr%2Fmedia%2F1441425450612NDGCsJQi2ePRPJmm
436961423,https://api.gbif.org/v1/image/unsafe/https%3A%2F%2Fmediaphoto.mnhn.fr%2Fmedia%2F1441330017377z3znipQZg8WjGQey
436961483,https://api.gbif.org/v1/image/unsafe/https%3A%2F%2Fmediaphoto.mnhn.fr%2Fmedia%2F1441452986986SGRdE3xFftfMGuQA
436961573,https://api.gbif.org/v1/image/unsafe/https%3A%2F%2Fmediaphoto.mnhn.fr%2Fmedia%2F1441390785357MN8edG4QBnI2VaVU
436962013,https://api.gbif.org/v1/image/unsafe/https%3A%2F%2Fmediaphoto.mnhn.fr%2Fmedia%2F1446815269871lvB8ZGvHLyg4Ip9r
436962073,https://api.gbif.org/v1/image/unsafe/https%3A%2F%2Fmediaphoto.mnhn.fr%2Fmedia%2F1441341575928F9guKztHF0dXKsTi
436962173,https://api.gbif.org/v1/image/unsafe/https%3A%2F%2Fmediaphoto.mnhn.fr%2Fmedia%2F1441306425712pO6BjInxot7Y6zmz
436962383,https://api.gbif.org/v1/image/unsafe/https%3A%2F%2Fmediaphoto.mnhn.fr%2Fmedia%2F1441356405438lQhQpV9qJjpepIi7
436962433,https://api.gbif.org/v1/image/unsafe/https%3A%2F%2Fmediaphoto.mnhn.fr%2Fmedia%2F1441343390317zuJdxagoca01QX5B
436962493,https://api.gbif.org/v1/image/unsafe/https%3A%2F%2Fmediaphoto.mnhn.fr%2Fmedia%2F1441420540558XmLV1nv61YmoEJrD
436963063,https://api.gbif.org/v1/image/unsafe/https%3A%2F%2Fmediaphoto.mnhn.fr%2Fmedia%2F1441395857939LTlnE67a2TLDJsSc
436963153,https://api.gbif.org/v1/image/unsafe/https%3A%2F%2Fmediaphoto.mnhn.fr%2Fmedia%2F14413648214384d1ruZTiLmQ4Ms0r
436963178,https://api.gbif.org/v1/image/unsafe/https%3A%2F%2Fmediaphoto.mnhn.fr%2Fmedia%2F1441395908769zQ8tB3Dylgb5MBrt
436963183,https://api.gbif.org/v1/image/unsafe/https%3A%2F%2Fmediaphoto.mnhn.fr%2Fmedia%2F14413959089509ZorJsWMwZF45iNs
436963203,https://api.gbif.org/v1/image/unsafe/https%3A%2F%2Fmediaphoto.mnhn.fr%2Fmedia%2F1441420830795ob3ZJ6Y0VXARE6bd
436963228,https://api.gbif.org/v1/image/unsafe/https%3A%2F%2Fmediaphoto.mnhn.fr%2Fmedia%2F1441450335066mmBmThA2CBKBGlvo
436963253,https://api.gbif.org/v1/image/unsafe/https%3A%2F%2Fmediaphoto.mnhn.fr%2Fmedia%2F1441398808553xbWvnyADAKONpOtu
436963258,https://api.gbif.org/v1/image/unsafe/https%3A%2F%2Fmediaphoto.mnhn.fr%2Fmedia%2F1441398539810n5EgA4kfomL6xXCN
436963328,https://api.gbif.org/v1/image/unsafe/https%3A%2F%2Fmediaphoto.mnhn.fr%2Fmedia%2F1442314614760A4YaqkirN8wu55iY
436963408,https://api.gbif.org/v1/image/unsafe/https%3A%2F%2Fmediaphoto.mnhn.fr%2Fmedia%2F1441364036316IuiiFWnaljSY9UHL
436963488,https://api.gbif.org/v1/image/unsafe/https%3A%2F%2Fmediaphoto.mnhn.fr%2Fmedia%2F1441372325617DtlhQDLtXXEQ4ehh
436963508,https://api.gbif.org/v1/image/unsafe/https%3A%2F%2Fmediaphoto.mnhn.fr%2Fmedia%2F1441372352042M2qiY15eJbuuOKqI
436963628,https://api.gbif.org/v1/image/unsafe/https%3A%2F%2Fmediaphoto.mnhn.fr%2Fmedia%2F1441390991313Vcr4VrgzqokiwODs
436963813,https://api.gbif.org/v1/image/unsafe/https%3A%2F%2Fmediaphoto.mnhn.fr%2Fmedia%2F1441306413481jSKhrxYh1iHakImI
436963903,https://api.gbif.org/v1/image/unsafe/https%3A%2F%2Fmediaphoto.mnhn.fr%2Fmedia%2F1442338815920uBReTpEgXZJeHIlk
436963993,https://api.gbif.org/v1/image/unsafe/https%3A%2F%2Fmediaphoto.mnhn.fr%2Fmedia%2F1441306394569NMqIKXIy6zIPcGLb
436964018,https://api.gbif.org/v1/image/unsafe/https%3A%2F%2Fmediaphoto.mnhn.fr%2Fmedia%2F1441347251777m7zBQg91QXJov8t5
436964148,https://api.gbif.org/v1/image/unsafe/https%3A%2F%2Fmediaphoto.mnhn.fr%2Fmedia%2F1442926513152NXqFzUscJyAnsGn5
436964173,https://api.gbif.org/v1/image/unsafe/https%3A%2F%2Fmediaphoto.mnhn.fr%2Fmedia%2F1441435475167XYjs5gJhdDf5RpyH
436964563,https://api.gbif.org/v1/image/unsafe/https%3A%2F%2Fmediaphoto.mnhn.fr%2Fmedia%2F1441379731284PpoRYxDD3djNgbQQ
436964608,https://api.gbif.org/v1/image/unsafe/https%3A%2F%2Fmediaphoto.mnhn.fr%2Fmedia%2F1441372839436CsZvxQsx0WEwDxbe
436964758,https://api.gbif.org/v1/image/unsafe/https%3A%2F%2Fmediaphoto.mnhn.fr%2Fmedia%2F1441447343348Gb0QMkNSHbS8eF5R
436964778,https://api.gbif.org/v1/image/unsafe/https%3A%2F%2Fmediaphoto.mnhn.fr%2Fmedia%2F1441441382947pbvDxhmZtPRHgD3N
436964838,https://api.gbif.org/v1/image/unsafe/https%3A%2F%2Fmediaphoto.mnhn.fr%2Fmedia%2F1443716527726A6gBLqEQqjzHOGNa
436965028,https://api.gbif.org/v1/image/unsafe/https%3A%2F%2Fmediaphoto.mnhn.fr%2Fmedia%2F1443197422508Ldz2uQ5TYMI09XoY
436965128,https://api.gbif.org/v1/image/unsafe/https%3A%2F%2Fmediaphoto.mnhn.fr%2Fmedia%2F1464696841116VIql5hnKROTzBTlJ
436965153,https://api.gbif.org/v1/image/unsafe/https%3A%2F%2Fmediaphoto.mnhn.fr%2Fmedia%2F1441390501751kH4EWTwUVx48MFTL
436965193,https://api.gbif.org/v1/image/unsafe/https%3A%2F%2Fmediaphoto.mnhn.fr%2Fmedia%2F14413050868176tzPS8YLA1M80M4V
436965233,https://api.gbif.org/v1/image/unsafe/https%3A%2F%2Fmediaphoto.mnhn.fr%2Fmedia%2F1441302814197k1KAYsuuHxvJ5eUJ
436965278,https://api.gbif.org/v1/image/unsafe/https%3A%2F%2Fmediaphoto.mnhn.fr%2Fmedia%2F1441370583659dr2tB9P6JeIKeXHp
436965283,https://api.gbif.org/v1/image/unsafe/https%3A%2F%2Fmediaphoto.mnhn.fr%2Fmedia%2F144137132096067VOB3V9KduXxdHT
436965303,https://api.gbif.org/v1/image/unsafe/https%3A%2F%2Fmediaphoto.mnhn.fr%2Fmedia%2F1441370448734sBbaJBfZClU5VeyN
436965308,https://api.gbif.org/v1/image/unsafe/https%3A%2F%2Fmediaphoto.mnhn.fr%2Fmedia%2F1441370343170QbO6EFaMx1gKN3fz
436968688,https://api.gbif.org/v1/image/unsafe/https%3A%2F%2Fmediaphoto.mnhn.fr%2Fmedia%2F1441370016084HgpBwwe5afkCAwNs
436968738,https://api.gbif.org/v1/image/unsafe/https%3A%2F%2Fmediaphoto.mnhn.fr%2Fmedia%2F1441343674405MEsxeeFHEaFS35F1
436968798,https://api.gbif.org/v1/image/unsafe/https%3A%2F%2Fmediaphoto.mnhn.fr%2Fmedia%2F1441306060795ZzLR6DUJKNECey5T
436968873,https://api.gbif.org/v1/image/unsafe/https%3A%2F%2Fmediaphoto.mnhn.fr%2Fmedia%2F1441351461283ehi4xzj7c1rMx9La
436968973,https://api.gbif.org/v1/image/unsafe/https%3A%2F%2Fmediaphoto.mnhn.fr%2Fmedia%2F14413066887930mfUBBhAJfvTnjNR
436968998,https://api.gbif.org/v1/image/unsafe/https%3A%2F%2Fmediaphoto.mnhn.fr%2Fmedia%2F1442483248613QpOXmEozT9awHmAX
436969093,https://api.gbif.org/v1/image/unsafe/https%3A%2F%2Fmediaphoto.mnhn.fr%2Fmedia%2F1441306974396CmGMvy9spxxhKmqN
436969178,https://api.gbif.org/v1/image/unsafe/https%3A%2F%2Fmediaphoto.mnhn.fr%2Fmedia%2F14413505482421uutiiRmuKRy6yR9
436969238,https://api.gbif.org/v1/image/unsafe/https%3A%2F%2Fmediaphoto.mnhn.fr%2Fmedia%2F14413495046988I8TJ9RLI845mUrb
436951394,https://api.gbif.org/v1/image/unsafe/https%3A%2F%2Fmediaphoto.mnhn.fr%2Fmedia%2F1441346920523sylwyv31D5qCHVls
436951439,https://api.gbif.org/v1/image/unsafe/https%3A%2F%2Fmediaphoto.mnhn.fr%2Fmedia%2F14413432600563yuiyOPHIiiugo5g
436951449,https://api.gbif.org/v1/image/unsafe/https%3A%2F%2Fmediaphoto.mnhn.fr%2Fmedia%2F1441343260724aMLTyA7LZFWQLCle
436951494,https://api.gbif.org/v1/image/unsafe/https%3A%2F%2Fmediaphoto.mnhn.fr%2Fmedia%2F1441335319679t8myRCfcQjHO91qQ
436951539,https://api.gbif.org/v1/image/unsafe/https%3A%2F%2Fmediaphoto.mnhn.fr%2Fmedia%2F14413351415910m8jpV26OrWHaXg7
436951989,https://api.gbif.org/v1/image/unsafe/https%3A%2F%2Fmediaphoto.mnhn.fr%2Fmedia%2F1441342985936qCWNlp22Y0UPzQes
436952159,https://api.gbif.org/v1/image/unsafe/https%3A%2F%2Fmediaphoto.mnhn.fr%2Fmedia%2F1441349175896CLlbHIQYfSMv4vVy
436952179,https://api.gbif.org/v1/image/unsafe/https%3A%2F%2Fmediaphoto.mnhn.fr%2Fmedia%2F1441390291652VPbWUlM01bYQgpQT
436952269,https://api.gbif.org/v1/image/unsafe/https%3A%2F%2Fmediaphoto.mnhn.fr%2Fmedia%2F1441369926742Be4ESjKI6Pzb5oia
436952274,https://api.gbif.org/v1/image/unsafe/https%3A%2F%2Fmediaphoto.mnhn.fr%2Fmedia%2F14413699143297rZGuPFKG216P8k5
436952299,https://api.gbif.org/v1/image/unsafe/https%3A%2F%2Fmediaphoto.mnhn.fr%2Fmedia%2F14413700593400KX9wPR91MTyoJGZ
436952304,https://api.gbif.org/v1/image/unsafe/https%3A%2F%2Fmediaphoto.mnhn.fr%2Fmedia%2F1442360516759ybeysbWN2mQsB0yZ
436952454,https://api.gbif.org/v1/image/unsafe/https%3A%2F%2Fmediaphoto.mnhn.fr%2Fmedia%2F1441342983860PwafQQytLpYPnVdT
436952489,https://api.gbif.org/v1/image/unsafe/https%3A%2F%2Fmediaphoto.mnhn.fr%2Fmedia%2F1441388230705kaX6KB0GuKZmPLFH
436952594,https://api.gbif.org/v1/image/unsafe/https%3A%2F%2Fmediaphoto.mnhn.fr%2Fmedia%2F1441342934685lE1YeBdK6bedFmgv
436952769,https://api.gbif.org/v1/image/unsafe/https%3A%2F%2Fmediaphoto.mnhn.fr%2Fmedia%2F14521296815761G5a0uY8YuFkILLJ
436952784,https://api.gbif.org/v1/image/unsafe/https%3A%2F%2Fmediaphoto.mnhn.fr%2Fmedia%2F14413400379394qxnARZfhUhYY6nW
436952829,https://api.gbif.org/v1/image/unsafe/https%3A%2F%2Fmediaphoto.mnhn.fr%2Fmedia%2F1441342982712Z5IVPp0w18xB1HMt
436952834,https://api.gbif.org/v1/image/unsafe/https%3A%2F%2Fmediaphoto.mnhn.fr%2Fmedia%2F1441342826545dlnEdlRVbVsP1yKp
436953004,https://api.gbif.org/v1/image/unsafe/https%3A%2F%2Fmediaphoto.mnhn.fr%2Fmedia%2F14189081299276HMjoadid0NCOc5r
436953014,https://api.gbif.org/v1/image/unsafe/https%3A%2F%2Fmediaphoto.mnhn.fr%2Fmedia%2F14531333988060L2SJtNWgeDQDFDJ
436953024,https://api.gbif.org/v1/image/unsafe/https%3A%2F%2Fmediaphoto.mnhn.fr%2Fmedia%2F1453133426720WvCXNWyPhzQnlMYE
436953154,https://api.gbif.org/v1/image/unsafe/https%3A%2F%2Fmediaphoto.mnhn.fr%2Fmedia%2F1441303629346IavXB70klUoFLicg
436953164,https://api.gbif.org/v1/image/unsafe/https%3A%2F%2Fmediaphoto.mnhn.fr%2Fmedia%2F1441303799950COPYus1rgXdnPUex
436953224,https://api.gbif.org/v1/image/unsafe/https%3A%2F%2Fmediaphoto.mnhn.fr%2Fmedia%2F1441333595610U0LIHscTB3b2dCNr
436953374,https://api.gbif.org/v1/image/unsafe/https%3A%2F%2Fmediaphoto.mnhn.fr%2Fmedia%2F1441342079466yJJYAv1ZkKO4HXzq
436953409,https://api.gbif.org/v1/image/unsafe/https%3A%2F%2Fmediaphoto.mnhn.fr%2Fmedia%2F1441305202890rJHmFpA9klpHPfgN
436953419,https://api.gbif.org/v1/image/unsafe/https%3A%2F%2Fmediaphoto.mnhn.fr%2Fmedia%2F1480350210535yvRn5nOqz5U72Vj4
436953439,https://api.gbif.org/v1/image/unsafe/https%3A%2F%2Fmediaphoto.mnhn.fr%2Fmedia%2F1441342332254HMDK7IJFNnLuPgLJ
436953549,https://api.gbif.org/v1/image/unsafe/https%3A%2F%2Fmediaphoto.mnhn.fr%2Fmedia%2F14413338413224v8TlYjQQyDl5d5n
436953999,https://api.gbif.org/v1/image/unsafe/https%3A%2F%2Fmediaphoto.mnhn.fr%2Fmedia%2F1442346169803oiioWb9wj5T8CKpX
436954159,https://api.gbif.org/v1/image/unsafe/https%3A%2F%2Fmediaphoto.mnhn.fr%2Fmedia%2F1441390418356S5CSSwGzx6hokseC
436954354,https://api.gbif.org/v1/image/unsafe/https%3A%2F%2Fmediaphoto.mnhn.fr%2Fmedia%2F1441386641486UbVgFm7RdxFDQTOY
436954439,https://api.gbif.org/v1/image/unsafe/https%3A%2F%2Fmediaphoto.mnhn.fr%2Fmedia%2F1441341732657ApdUjewicCQFC4OD
436954499,https://api.gbif.org/v1/image/unsafe/https%3A%2F%2Fmediaphoto.mnhn.fr%2Fmedia%2F1441370622269l7rLxA5uvR3I8yAc
436954614,https://api.gbif.org/v1/image/unsafe/https%3A%2F%2Fmediaphoto.mnhn.fr%2Fmedia%2F1442326975609xwttlgUwcvSJ0skE
436954959,https://api.gbif.org/v1/image/unsafe/https%3A%2F%2Fmediaphoto.mnhn.fr%2Fmedia%2F1441418916523zM7txa3sdKnElyTn
436955214,https://api.gbif.org/v1/image/unsafe/https%3A%2F%2Fmediaphoto.mnhn.fr%2Fmedia%2F1441359577368qdPBzS11FMxdz03r
436955589,https://api.gbif.org/v1/image/unsafe/https%3A%2F%2Fmediaphoto.mnhn.fr%2Fmedia%2F1441333794079nJl3nIPEm4C3npEr
436955604,https://api.gbif.org/v1/image/unsafe/https%3A%2F%2Fmediaphoto.mnhn.fr%2Fmedia%2F1441333173032Rw5NM85uBVv5CloM
436955619,https://api.gbif.org/v1/image/unsafe/https%3A%2F%2Fmediaphoto.mnhn.fr%2Fmedia%2F14413424069912qPtPZ4aLHa0xs6h
436955624,https://api.gbif.org/v1/image/unsafe/https%3A%2F%2Fmediaphoto.mnhn.fr%2Fmedia%2F1441335598746xs7mSa9CMfAiOl9h
436955724,https://api.gbif.org/v1/image/unsafe/https%3A%2F%2Fmediaphoto.mnhn.fr%2Fmedia%2F14413333129267IZpiTJqGiVo6dt2
436955729,https://api.gbif.org/v1/image/unsafe/https%3A%2F%2Fmediaphoto.mnhn.fr%2Fmedia%2F14413423267635hvREYD1tC8c9Ize
436955759,https://api.gbif.org/v1/image/unsafe/https%3A%2F%2Fmediaphoto.mnhn.fr%2Fmedia%2F1441390461583pZeLcMwU7TP33zLx
436956269,https://api.gbif.org/v1/image/unsafe/https%3A%2F%2Fmediaphoto.mnhn.fr%2Fmedia%2F1442336737581BBPII0aoAbOR9lUn
436956369,https://api.gbif.org/v1/image/unsafe/https%3A%2F%2Fmediaphoto.mnhn.fr%2Fmedia%2F1441378458584mR75WFZI7xaljG39
436956379,https://api.gbif.org/v1/image/unsafe/https%3A%2F%2Fmediaphoto.mnhn.fr%2Fmedia%2F1504888793641Ibn7k67nv3NxBg2P
436956384,https://api.gbif.org/v1/image/unsafe/https%3A%2F%2Fmediaphoto.mnhn.fr%2Fmedia%2F1504889009218saTIRFaPel6hlhER
436956394,https://api.gbif.org/v1/image/unsafe/https%3A%2F%2Fmediaphoto.mnhn.fr%2Fmedia%2F1441372117407iyGtVMZoaJK9Y9l4
436956404,https://api.gbif.org/v1/image/unsafe/https%3A%2F%2Fmediaphoto.mnhn.fr%2Fmedia%2F1441378711276vNF5XfI5RLEk2wGJ
436956414,https://api.gbif.org/v1/image/unsafe/https%3A%2F%2Fmediaphoto.mnhn.fr%2Fmedia%2F1441380627987Txwv72EVYoo32sFL
436956419,https://api.gbif.org/v1/image/unsafe/https%3A%2F%2Fmediaphoto.mnhn.fr%2Fmedia%2F1504888765618ZqoASWHGwUF5n3mu
436956439,https://api.gbif.org/v1/image/unsafe/https%3A%2F%2Fmediaphoto.mnhn.fr%2Fmedia%2F1441378757988Chwo2auz5VFlA5Lf
436956499,https://api.gbif.org/v1/image/unsafe/https%3A%2F%2Fmediaphoto.mnhn.fr%2Fmedia%2F1441387212305VhvBzAdLt8LE89dh
436956504,https://api.gbif.org/v1/image/unsafe/https%3A%2F%2Fmediaphoto.mnhn.fr%2Fmedia%2F1441387259350dTP2SDHr4ymLrjWz
436956509,https://api.gbif.org/v1/image/unsafe/https%3A%2F%2Fmediaphoto.mnhn.fr%2Fmedia%2F14413871907885NTwOtr4OniLiC4O
436957219,https://api.gbif.org/v1/image/unsafe/https%3A%2F%2Fmediaphoto.mnhn.fr%2Fmedia%2F1441334059548Wh7Iqe4wJ4ARGnR8
436958439,https://api.gbif.org/v1/image/unsafe/https%3A%2F%2Fmediaphoto.mnhn.fr%2Fmedia%2F1441340040789W0f4x2KMcda07vbp
436958734,https://api.gbif.org/v1/image/unsafe/https%3A%2F%2Fmediaphoto.mnhn.fr%2Fmedia%2F14424534407520B1fD7LW0pHKlvk1
436958939,https://api.gbif.org/v1/image/unsafe/https%3A%2F%2Fmediaphoto.mnhn.fr%2Fmedia%2F1441303774539IyjoKOh5nkN2wKgn
436958944,https://api.gbif.org/v1/image/unsafe/https%3A%2F%2Fmediaphoto.mnhn.fr%2Fmedia%2F1441303201908ZZPTgMDA3LUcMmBX
436959004,https://api.gbif.org/v1/image/unsafe/https%3A%2F%2Fmediaphoto.mnhn.fr%2Fmedia%2F1442333988204mhEd64nFKiaPCGEB
436959339,https://api.gbif.org/v1/image/unsafe/https%3A%2F%2Fmediaphoto.mnhn.fr%2Fmedia%2F1441341774612VM4zPCZWNzBj7gIO
436959739,https://api.gbif.org/v1/image/unsafe/https%3A%2F%2Fmediaphoto.mnhn.fr%2Fmedia%2F1441364058025lloq2tWy0fSzRLcT
436960004,https://api.gbif.org/v1/image/unsafe/https%3A%2F%2Fmediaphoto.mnhn.fr%2Fmedia%2F1418908228701nE9GMKMjLrs3ufuV
436960044,https://api.gbif.org/v1/image/unsafe/https%3A%2F%2Fmediaphoto.mnhn.fr%2Fmedia%2F1441382424213hsSZIG0KFRQiIOuC
436960059,https://api.gbif.org/v1/image/unsafe/https%3A%2F%2Fmediaphoto.mnhn.fr%2Fmedia%2F1441379104350WG5hqd5Ji2Ny3ozh
436960144,https://api.gbif.org/v1/image/unsafe/https%3A%2F%2Fmediaphoto.mnhn.fr%2Fmedia%2F1441389618621WaNO0zUsOl6VQr9Q
436960149,https://api.gbif.org/v1/image/unsafe/https%3A%2F%2Fmediaphoto.mnhn.fr%2Fmedia%2F1441389750980DldbW6lnUyGbSecu
436960204,https://api.gbif.org/v1/image/unsafe/https%3A%2F%2Fmediaphoto.mnhn.fr%2Fmedia%2F1441341732853HnYIEvmBPWR8eoSx
436960684,https://api.gbif.org/v1/image/unsafe/https%3A%2F%2Fmediaphoto.mnhn.fr%2Fmedia%2F1442337935078B9WHYuV0lGeraSfW
436960734,https://api.gbif.org/v1/image/unsafe/https%3A%2F%2Fmediaphoto.mnhn.fr%2Fmedia%2F1441389876451gUxHNsZWwsU3psjt
436960974,https://api.gbif.org/v1/image/unsafe/https%3A%2F%2Fmediaphoto.mnhn.fr%2Fmedia%2F14413679373267guUA4qnhR18YmGL
436961164,https://api.gbif.org/v1/image/unsafe/https%3A%2F%2Fmediaphoto.mnhn.fr%2Fmedia%2F1441377511186wK8RZ7Jijp9Q6Kb3
436961204,https://api.gbif.org/v1/image/unsafe/https%3A%2F%2Fmediaphoto.mnhn.fr%2Fmedia%2F1441400358964Ee7EpPk4yPgiXY4H
436961224,https://api.gbif.org/v1/image/unsafe/https%3A%2F%2Fmediaphoto.mnhn.fr%2Fmedia%2F14413985470937QDLe9wOzsyYD65j
436961259,https://api.gbif.org/v1/image/unsafe/https%3A%2F%2Fmediaphoto.mnhn.fr%2Fmedia%2F1441424382507kuaGfs03HYQJe544
436961274,https://api.gbif.org/v1/image/unsafe/https%3A%2F%2Fmediaphoto.mnhn.fr%2Fmedia%2F1441425042316aVVHESKJ019Kg4jz
436961304,https://api.gbif.org/v1/image/unsafe/https%3A%2F%2Fmediaphoto.mnhn.fr%2Fmedia%2F1441425447043KkYr8SyvESfOxkPe
436961414,https://api.gbif.org/v1/image/unsafe/https%3A%2F%2Fmediaphoto.mnhn.fr%2Fmedia%2F1441329357289hYLP7eeJve4VZCrN
436961479,https://api.gbif.org/v1/image/unsafe/https%3A%2F%2Fmediaphoto.mnhn.fr%2Fmedia%2F1441390179371ubFnOjz8WAzFyKRD
436961484,https://api.gbif.org/v1/image/unsafe/https%3A%2F%2Fmediaphoto.mnhn.fr%2Fmedia%2F14414536200557zA1RHV9Jkwbgmr7
436961524,https://api.gbif.org/v1/image/unsafe/https%3A%2F%2Fmediaphoto.mnhn.fr%2Fmedia%2F1442345231573uQzKw2dgX15qYG20
436961594,https://api.gbif.org/v1/image/unsafe/https%3A%2F%2Fmediaphoto.mnhn.fr%2Fmedia%2F14414398739671LBcpHFNKOULpxXw
436962014,https://api.gbif.org/v1/image/unsafe/https%3A%2F%2Fmediaphoto.mnhn.fr%2Fmedia%2F1442422596861yKdRtbHAnNiLQQmh
436962339,https://api.gbif.org/v1/image/unsafe/https%3A%2F%2Fmediaphoto.mnhn.fr%2Fmedia%2F1441340341981S1NiSQ7DXROM1D6L
436962394,https://api.gbif.org/v1/image/unsafe/https%3A%2F%2Fmediaphoto.mnhn.fr%2Fmedia%2F1441366366116utjD1HSmOBM5mBr6
436963034,https://api.gbif.org/v1/image/unsafe/https%3A%2F%2Fmediaphoto.mnhn.fr%2Fmedia%2F1441383929612UJHvKaWw2jwotA0H
436963054,https://api.gbif.org/v1/image/unsafe/https%3A%2F%2Fmediaphoto.mnhn.fr%2Fmedia%2F1441429766640S0SMTlYiczxWXEjx
436963154,https://api.gbif.org/v1/image/unsafe/https%3A%2F%2Fmediaphoto.mnhn.fr%2Fmedia%2F1441420546149Rro28XS4Z3J0Ngrq
436963164,https://api.gbif.org/v1/image/unsafe/https%3A%2F%2Fmediaphoto.mnhn.fr%2Fmedia%2F1441420689420geyZWGJusSnuhMoD
436963174,https://api.gbif.org/v1/image/unsafe/https%3A%2F%2Fmediaphoto.mnhn.fr%2Fmedia%2F1441421511569WPGUU48a6D0sVYrI
436963199,https://api.gbif.org/v1/image/unsafe/https%3A%2F%2Fmediaphoto.mnhn.fr%2Fmedia%2F1441421768586D5zCXxQPu8dXVfRC
436963204,https://api.gbif.org/v1/image/unsafe/https%3A%2F%2Fmediaphoto.mnhn.fr%2Fmedia%2F1441421768426ltT5nq1avO82OR8W
436963239,https://api.gbif.org/v1/image/unsafe/https%3A%2F%2Fmediaphoto.mnhn.fr%2Fmedia%2F14413985410691ZLWIJr61ePtV80w
436963249,https://api.gbif.org/v1/image/unsafe/https%3A%2F%2Fmediaphoto.mnhn.fr%2Fmedia%2F1441398812341shgrertgrdWONnqa
436963254,https://api.gbif.org/v1/image/unsafe/https%3A%2F%2Fmediaphoto.mnhn.fr%2Fmedia%2F1441398808370axC2LwcUMcg2Xfjc
436963459,https://api.gbif.org/v1/image/unsafe/https%3A%2F%2Fmediaphoto.mnhn.fr%2Fmedia%2F1441372336380VfbK7PdByu6Y6IbL
436963489,https://api.gbif.org/v1/image/unsafe/https%3A%2F%2Fmediaphoto.mnhn.fr%2Fmedia%2F1441372325747G1fRkhU9ySx8Az0h
436963499,https://api.gbif.org/v1/image/unsafe/https%3A%2F%2Fmediaphoto.mnhn.fr%2Fmedia%2F1441372299560rsiuoykcoQotGIle
436963504,https://api.gbif.org/v1/image/unsafe/https%3A%2F%2Fmediaphoto.mnhn.fr%2Fmedia%2F1441372352334h6sKHHVEBGaCWvCF
436963664,https://api.gbif.org/v1/image/unsafe/https%3A%2F%2Fmediaphoto.mnhn.fr%2Fmedia%2F1441356439115RII7mCHcfnYQzCGn
436963809,https://api.gbif.org/v1/image/unsafe/https%3A%2F%2Fmediaphoto.mnhn.fr%2Fmedia%2F1441306795634kNwSw96vKRU13TyD
436963814,https://api.gbif.org/v1/image/unsafe/https%3A%2F%2Fmediaphoto.mnhn.fr%2Fmedia%2F1441306388736MMLWv8VzkugflDYK
436963904,https://api.gbif.org/v1/image/unsafe/https%3A%2F%2Fmediaphoto.mnhn.fr%2Fmedia%2F1442338819198a28PuaSBcinxSj5j
436963954,https://api.gbif.org/v1/image/unsafe/https%3A%2F%2Fmediaphoto.mnhn.fr%2Fmedia%2F1441389891625Xx9dK9rKDjb0Tmje
436963974,https://api.gbif.org/v1/image/unsafe/https%3A%2F%2Fmediaphoto.mnhn.fr%2Fmedia%2F1441306737131u82n0j0uFuzwUAtZ
436964379,https://api.gbif.org/v1/image/unsafe/https%3A%2F%2Fmediaphoto.mnhn.fr%2Fmedia%2F14413628093139wJWa1HpTSzCKBNH
436964779,https://api.gbif.org/v1/image/unsafe/https%3A%2F%2Fmediaphoto.mnhn.fr%2Fmedia%2F14414413832995SSaOs7taq9Q9b5r
436964784,https://api.gbif.org/v1/image/unsafe/https%3A%2F%2Fmediaphoto.mnhn.fr%2Fmedia%2F1441446137348REyxIUUHwVvJoMN6
436964789,https://api.gbif.org/v1/image/unsafe/https%3A%2F%2Fmediaphoto.mnhn.fr%2Fmedia%2F1441441589013destAp8cLqqs5Mt2
436964804,https://api.gbif.org/v1/image/unsafe/https%3A%2F%2Fmediaphoto.mnhn.fr%2Fmedia%2F1441441403232OjebplT7Xhfupsu7
436964814,https://api.gbif.org/v1/image/unsafe/https%3A%2F%2Fmediaphoto.mnhn.fr%2Fmedia%2F1441341620227jEfsFffwjEwVcRAf
436964839,https://api.gbif.org/v1/image/unsafe/https%3A%2F%2Fmediaphoto.mnhn.fr%2Fmedia%2F1441373410213RHUqgpN7Pz8K3kFL
436964884,https://api.gbif.org/v1/image/unsafe/https%3A%2F%2Fmediaphoto.mnhn.fr%2Fmedia%2F1441439322269euevopygnWdpp2lJ
436964924,https://api.gbif.org/v1/image/unsafe/https%3A%2F%2Fmediaphoto.mnhn.fr%2Fmedia%2F14414285311785iqdaUE7TnWK4Iwx
436965029,https://api.gbif.org/v1/image/unsafe/https%3A%2F%2Fmediaphoto.mnhn.fr%2Fmedia%2F1443197420860jQ3DivDvi3o6BxeE
436965154,https://api.gbif.org/v1/image/unsafe/https%3A%2F%2Fmediaphoto.mnhn.fr%2Fmedia%2F1441390501650Yg2MVgJKRtR9rgky
436965194,https://api.gbif.org/v1/image/unsafe/https%3A%2F%2Fmediaphoto.mnhn.fr%2Fmedia%2F1441305086794S43md8LRY5rvqPOd
436965279,https://api.gbif.org/v1/image/unsafe/https%3A%2F%2Fmediaphoto.mnhn.fr%2Fmedia%2F1441370563192Hm2IH4y0zilCbEcb
436965309,https://api.gbif.org/v1/image/unsafe/https%3A%2F%2Fmediaphoto.mnhn.fr%2Fmedia%2F1441370343248DdY2ZvGRPqmykHvS
436965364,https://api.gbif.org/v1/image/unsafe/https%3A%2F%2Fmediaphoto.mnhn.fr%2Fmedia%2F1441309390003cZwp5ynUREv4hfWG
436965469,https://api.gbif.org/v1/image/unsafe/https%3A%2F%2Fmediaphoto.mnhn.fr%2Fmedia%2F1442331541194UgbTgqocsRlIcIRh
436968694,https://api.gbif.org/v1/image/unsafe/https%3A%2F%2Fmediaphoto.mnhn.fr%2Fmedia%2F1441370029185KONGYrPba4Lo6OTk
436968774,https://api.gbif.org/v1/image/unsafe/https%3A%2F%2Fmediaphoto.mnhn.fr%2Fmedia%2F1442451961971mPunGIqVX1tFPOfc
436968779,https://api.gbif.org/v1/image/unsafe/https%3A%2F%2Fmediaphoto.mnhn.fr%2Fmedia%2F1441330434698lrUY1p9ZojWVAXlN
436968784,https://api.gbif.org/v1/image/unsafe/https%3A%2F%2Fmediaphoto.mnhn.fr%2Fmedia%2F1442451809083QeLMUO2aDTGzoUCM
436968984,https://api.gbif.org/v1/image/unsafe/https%3A%2F%2Fmediaphoto.mnhn.fr%2Fmedia%2F1441333221502KQj3j47cK7XZpvtV
436968989,https://api.gbif.org/v1/image/unsafe/https%3A%2F%2Fmediaphoto.mnhn.fr%2Fmedia%2F144130637434027MXG6IMzsmakkag
436968999,https://api.gbif.org/v1/image/unsafe/https%3A%2F%2Fmediaphoto.mnhn.fr%2Fmedia%2F1442488264944E4V6pH3ju3oWRuUa
436969034,https://api.gbif.org/v1/image/unsafe/https%3A%2F%2Fmediaphoto.mnhn.fr%2Fmedia%2F1442459085958tvvv0cY2Is91xwpv
436960965,https://api.gbif.org/v1/image/unsafe/https%3A%2F%2Fmediaphoto.mnhn.fr%2Fmedia%2F1441402872134ks9XYabnp38lqmbW
436956336,https://api.gbif.org/v1/image/unsafe/https%3A%2F%2Fmediaphoto.mnhn.fr%2Fmedia%2F1441394602695slh6uqNbTptFrVry
436955080,https://api.gbif.org/v1/image/unsafe/https%3A%2F%2Fmediaphoto.mnhn.fr%2Fmedia%2F1441334011582WpZ1pIRUwhgRmOED
